{
  "rho": 60.0,
  "rapidities": [
    0.0,
    0.25,
    0.5,
    0.75,
    1.0,
    1.25,
    1.5,
    1.75,
    2.0
  ],
  "N_test": [
    1,
    3,
    10,
    30
  ],
  "n_seeds": 12,
  "per_N": {
    "1": {
      "tau_poisson": [
        10.583333333333334,
        10.416666666666666,
        10.333333333333334,
        10.333333333333334,
        9.916666666666666,
        10.083333333333334,
        9.166666666666666,
        9.666666666666666,
        8.75
      ],
      "tau_lattice": [
        9.0,
        8.0,
        7.0,
        5.0,
        5.0,
        5.0,
        4.0,
        7.0,
        3.0
      ],
      "cv_poisson": 0.05875679821681524,
      "cv_lattice": 0.3145911698213786,
      "tau_rest": 10.583333333333334
    },
    "3": {
      "tau_poisson": [
        30.916666666666668,
        30.333333333333332,
        30.333333333333332,
        31.166666666666668,
        30.583333333333332,
        29.833333333333332,
        27.75,
        27.75,
        25.25
      ],
      "tau_lattice": [
        27.0,
        25.0,
        21.0,
        15.0,
        15.0,
        15.0,
        12.0,
        12.0,
        9.0
      ],
      "cv_poisson": 0.06366384949133583,
      "cv_lattice": 0.3472876980695866,
      "tau_rest": 30.916666666666668
    },
    "10": {
      "tau_poisson": [
        102.75,
        105.0,
        101.66666666666667,
        104.83333333333333,
        101.25,
        99.58333333333333,
        92.08333333333333,
        91.91666666666667,
        88.33333333333333
      ],
      "tau_lattice": [
        90.0,
        83.0,
        75.0,
        56.0,
        52.0,
        51.0,
        47.0,
        44.0,
        30.0
      ],
      "cv_poisson": 0.059229904105399606,
      "cv_lattice": 0.31757246846550274,
      "tau_rest": 102.75
    },
    "30": {
      "tau_poisson": [
        310.25,
        315.9166666666667,
        308.6666666666667,
        310.8333333333333,
        304.4166666666667,
        294.9166666666667,
        279.0,
        270.0,
        263.0833333333333
      ],
      "tau_lattice": [
        270.0,
        255.0,
        232.0,
        166.0,
        166.0,
        177.0,
        125.0,
        152.0,
        102.0
      ],
      "cv_poisson": 0.06281674393095091,
      "cv_lattice": 0.29773708237328594,
      "tau_rest": 310.25
    }
  },
  "mean_cv_poisson": 0.06111682393612539,
  "mean_cv_lattice": 0.31929710468243844,
  "energy_momentum_geometry": {
    "rapidity": [
      0.0,
      0.25,
      0.5,
      0.75,
      1.0,
      1.25,
      1.5,
      1.75,
      2.0
    ],
    "dt_over_dtau": [
      1.0,
      1.0314130998795732,
      1.1276259652063807,
      1.2946832846768448,
      1.5430806348152437,
      1.8884238771610158,
      2.352409615243247,
      2.9641883097280877,
      3.7621956910836314
    ],
    "dx_over_dtau": [
      0.0,
      0.2526123168081683,
      0.5210953054937474,
      0.82231673193583,
      1.1752011936438014,
      1.6019190803008256,
      2.1292794550948173,
      2.7904143662776426,
      3.6268604078470186
    ],
    "cosh": [
      1.0,
      1.0314130998795732,
      1.1276259652063807,
      1.2946832846768448,
      1.5430806348152437,
      1.8884238771610158,
      2.352409615243247,
      2.9641883097280877,
      3.7621956910836314
    ],
    "sinh": [
      0.0,
      0.2526123168081683,
      0.5210953054937474,
      0.82231673193583,
      1.1752011936438014,
      1.6019190803008256,
      2.1292794550948173,
      2.7904143662776426,
      3.6268604078470186
    ],
    "max_abs_error": 0.0,
    "invariant_dt2_minus_dx2": [
      1.0,
      1.0,
      0.9999999999999998,
      1.0,
      1.0000000000000002,
      1.0000000000000004,
      1.0000000000000009,
      1.0,
      1.0000000000000018
    ],
    "invariant_max_dev": 1.7763568394002505e-15
  },
  "verdict": "CONFIRMADO",
  "grade": "B",
  "statement": "tau(N) is Lorentz invariant: the boosted structure keeps the same proper time (Poisson CV 6.1%) while the lattice control is frame-dependent (CV 31.9%). With m = tau, the coordinate-time and spatial advances per unit proper time are exactly cosh(phi) and sinh(phi) (E = m gamma, p = m gamma beta), the rest interval dt^2-dx^2 = 1 being invariant. REAL but INHERITED: it is R1's Poisson Lorentz-invariance + hyperbolic geometry, applied to the complexity cost -- not an independently new dilation."
}