{
  "what": "second-order coefficient: dynamical (field MC, ~0) vs kinematic (proper-time counting on the linear potential, ~3/2).",
  "target_density_2nd_order_coeff": 1.5,
  "note_prompt_value": "prompt's 1/2 is the redshift coeff; density target is 3/2 (NL1).",
  "dynamical": {
    "C": -0.03250967174245354,
    "A1": 1.1796666706462144,
    "A2": 0.5059919727194954,
    "A2_over_A1sq": 0.3636009491900372,
    "offset_removed_exponent": -1.0199582514908894,
    "is_zero": true,
    "meaning": "linear BD action -> no dynamical second order (NL1)."
  },
  "kinematic": {
    "2nd_order_coeff_intercept": 1.4326551624212034,
    "c2_slope_in_u": 3.581893947624642,
    "matches_3_2_within_20pct": true,
    "u": [
      0.18,
      0.14,
      0.105,
      0.075,
      0.05
    ],
    "c2_per_point": [
      2.130761399790117,
      1.9088605482462733,
      1.760306004479782,
      1.6213183191563656,
      1.7120712116270362
    ],
    "counted_rho_eff": [
      1.2490366693531998,
      1.177413666745627,
      1.1244073736993896,
      1.0841199155452546,
      1.0542801780290676
    ],
    "radii": [
      6.553703725812302,
      8.426190504615816,
      11.23492067282109,
      15.728888941949526,
      23.593333412924288
    ]
  },
  "COMPARISON_count_vs_schwarzschild_max_err": 0.0009313743789392683,
  "COMPARISON_count_vs_newtonian_max_err": 0.058505651994237164,
  "COMPARISON_count_beats_newtonian": true,
  "verdict": "PASSA (cinematico)",
  "seed": 2718281828,
  "timestamp_utc": "2026-06-05T22:55:41Z"
}