{
  "G1_gauge_invariance": {
    "max_dcos_4D": 1.7763568394002505e-15,
    "max_dcos_3D": 1.7694179454963432e-15,
    "max_dcos_diamond": 3.2751579226442118e-15,
    "diamond_n_events": 319,
    "diamond_n_plaq": 5045,
    "pass": true
  },
  "G2_4D": {
    "betas": [
      0.2,
      0.5,
      0.7,
      0.85,
      1.0,
      1.1,
      1.25,
      1.5,
      1.8
    ],
    "mean_plaq": [
      0.10019829307000934,
      0.24606724905717364,
      0.34698345593294455,
      0.4367137535791894,
      0.6577811115949811,
      0.7184788596023507,
      0.7650638589652141,
      0.8144270254178754,
      0.8482626494647981
    ],
    "specific_heat": [
      0.02215605711072032,
      0.13528221639299326,
      0.2785519487468227,
      0.5345660112069973,
      0.9283169697507746,
      0.4227285790211456,
      0.4063188372938979,
      0.2875861129750169,
      0.28393733193633314
    ],
    "peak_beta": 1.0,
    "N_plaq": 1536,
    "pass": true
  },
  "all_pass": true,
  "runtime_s": 88.54480457305908
}