{
  "campaign": "E7_COULOMB_PHASE",
  "engine": "reused E5 e5_core/e5_fast",
  "stage_A_regular_lattice": {
    "beta=0.7": {
      "tag": "confining_beta<beta_c",
      "W_RT": {
        "1x1": 0.34149792362344444,
        "1x2": 0.11624495197399567,
        "2x1": 0.11955195486456235,
        "2x2": 0.012022355655419797,
        "2x3": 0.00716530702081945,
        "3x2": 0.0032109001392361296,
        "3x3": 0.0033222243201206244
      },
      "creutz_chi22": 1.2193411785521722,
      "creutz_chi33": -0.551600196947419,
      "patch_Wk": {
        "1": 0.34214997340214537,
        "2": 0.1256347175953507,
        "3": 0.07193530976773053,
        "4": 0.10744088767809586,
        "6": 0.05342786181571548,
        "8": 0.1069490762668587
      },
      "patch_perim": {
        "1": 4.0,
        "2": 6.0,
        "3": 6.413333333333333,
        "4": 6.436,
        "6": 7.606451612903226,
        "8": 6.683870967741935
      },
      "patch_classify": {
        "winner": "perimeter",
        "n_points": 6,
        "sigma_area": 0.14124106032573086,
        "R2_area": 0.33781787929459484,
        "mu_perim": 0.507145170114849,
        "R2_perim": 0.9213966095348215,
        "late_slope": -0.21376156576688476,
        "sa_over_sf": 0.13262633390726492,
        "ks": [
          1.0,
          2.0,
          3.0,
          4.0,
          6.0,
          8.0
        ],
        "lnW": [
          -1.0725061193210428,
          -2.0743766491676214,
          -2.6319880392852646,
          -2.230814464719232,
          -2.9294229122351605,
          -2.2354024805470414
        ],
        "perim": [
          4.0,
          6.0,
          6.413333333333333,
          6.436,
          7.606451612903226,
          6.683870967741935
        ]
      },
      "mean_plaq": 0.3447434123200063
    },
    "beta=1.3": {
      "tag": "coulomb_beta>beta_c",
      "W_RT": {
        "1x1": 0.7628933923369609,
        "1x2": 0.6161170218488146,
        "2x1": 0.6148396501174135,
        "2x2": 0.42871013749429865,
        "2x3": 0.3032148932016546,
        "3x2": 0.3026018601578867,
        "3x3": 0.20515005934835004
      },
      "creutz_chi22": 0.14689909812066285,
      "creutz_chi33": 0.042336992641364195,
      "patch_Wk": {
        "1": 0.7796218020987945,
        "2": 0.6660619857879735,
        "3": 0.6288560785862446,
        "4": 0.6415715955346996,
        "6": 0.572420225034181,
        "8": 0.6255315359114272
      },
      "patch_perim": {
        "1": 4.0,
        "2": 6.0,
        "3": 6.413333333333333,
        "4": 6.436,
        "6": 7.606451612903226,
        "8": 6.683870967741935
      },
      "patch_classify": {
        "winner": "perimeter",
        "n_points": 6,
        "sigma_area": 0.028498263261791144,
        "R2_area": 0.5255033723049409,
        "mu_perim": 0.08514530881928972,
        "R2_perim": 0.992387987701406,
        "late_slope": -0.03787733929066692,
        "sa_over_sf": 0.11303174306414587,
        "ks": [
          1.0,
          2.0,
          3.0,
          4.0,
          6.0,
          8.0
        ],
        "lnW": [
          -0.24894634598964438,
          -0.40637254101894094,
          -0.463852858341455,
          -0.4438344947086202,
          -0.5578818981816086,
          -0.4691535332214879
        ],
        "perim": [
          4.0,
          6.0,
          6.413333333333333,
          6.436,
          7.606451612903226,
          6.683870967741935
        ]
      },
      "mean_plaq": 0.7771466600722888
    }
  },
  "anchors": {
    "confining": {
      "creutz_chi22": 1.2193411785521722,
      "late_slope": -0.21376156576688476,
      "sa_over_sf": 0.13262633390726492
    },
    "coulomb": {
      "creutz_chi22": 0.14689909812066285,
      "late_slope": -0.03787733929066692,
      "sa_over_sf": 0.11303174306414587
    }
  },
  "stage_B_causal_set": {
    "L_box": 5.6,
    "rho": 0.5,
    "substrate_seeds": [
      1,
      2,
      3
    ],
    "geometry_seed1": {
      "n_events": 492,
      "n_links": 8031,
      "n_plaq": 14462,
      "perim": {
        "1": 4.0,
        "2": 4.104,
        "3": 4.656,
        "4": 4.929577464788732,
        "6": 5.48404255319149,
        "8": 6.198863636363637
      }
    },
    "sizes": [
      1,
      2,
      3,
      4,
      6,
      8
    ],
    "betas": [
      0.5,
      0.7,
      0.9,
      1.0,
      1.1,
      1.3,
      1.5,
      1.8,
      2.0
    ],
    "scan": [
      {
        "beta": 0.5,
        "sigma_area_mean": 0.3038689297534265,
        "sigma_area_std": 0.038124864156456995,
        "late_slope_mean": -0.2742495407247177,
        "late_slope_std": 0.026088483584131083,
        "sa_over_sf_mean": 0.2384576030079675,
        "sa_over_sf_std": 0.026338192797771276,
        "R2_area_mean": 0.8855499792840221,
        "R2_perim_mean": 0.8419481319785976,
        "mean_plaq_mean": 0.28035795926586643,
        "Wk_mean": {
          "1": 0.29401244736438986,
          "2": 0.11265633930726597,
          "3": 0.0960607619666206,
          "4": 0.06371328568881311,
          "6": 0.03761627808623882,
          "8": 0.031289866874007706
        }
      },
      {
        "beta": 0.7,
        "sigma_area_mean": 0.18348261721186687,
        "sigma_area_std": 0.0495751297669295,
        "late_slope_mean": -0.17182746874168667,
        "late_slope_std": 0.04765020575337353,
        "sa_over_sf_mean": 0.2675260058686919,
        "sa_over_sf_std": 0.03124939644978863,
        "R2_area_mean": 0.9701692337106254,
        "R2_perim_mean": 0.9429051370848267,
        "mean_plaq_mean": 0.5119854271400635,
        "Wk_mean": {
          "1": 0.5164184356685119,
          "2": 0.3746342251191285,
          "3": 0.3400186889581196,
          "4": 0.24674994294244543,
          "6": 0.19656063950501423,
          "8": 0.1485827886991562
        }
      },
      {
        "beta": 0.9,
        "sigma_area_mean": 0.10773289058363665,
        "sigma_area_std": 0.014501990624409402,
        "late_slope_mean": -0.09917141664355152,
        "late_slope_std": 0.010575608405282343,
        "sa_over_sf_mean": 0.2639816598747959,
        "sa_over_sf_std": 0.007037417142888897,
        "R2_area_mean": 0.9800646904772429,
        "R2_perim_mean": 0.9540182996580878,
        "mean_plaq_mean": 0.6661727949605031,
        "Wk_mean": {
          "1": 0.6768701861597242,
          "2": 0.5545565123745592,
          "3": 0.5141111871758607,
          "4": 0.44394889509580543,
          "6": 0.3744114096065247,
          "8": 0.31132223919326496
        }
      },
      {
        "beta": 1.0,
        "sigma_area_mean": 0.09495524312529367,
        "sigma_area_std": 0.00812697098920629,
        "late_slope_mean": -0.08677102648155859,
        "late_slope_std": 0.010896420300730325,
        "sa_over_sf_mean": 0.27478365311232916,
        "sa_over_sf_std": 0.006566920562719665,
        "R2_area_mean": 0.982730413734421,
        "R2_perim_mean": 0.9588450629572826,
        "mean_plaq_mean": 0.7081870425144924,
        "Wk_mean": {
          "1": 0.7132992009407562,
          "2": 0.6061447041675715,
          "3": 0.5687776005091258,
          "4": 0.4957455457449405,
          "6": 0.4288433851727982,
          "8": 0.35885115827754693
        }
      },
      {
        "beta": 1.1,
        "sigma_area_mean": 0.08379484792544105,
        "sigma_area_std": 0.019617384613859777,
        "late_slope_mean": -0.08078030090802191,
        "late_slope_std": 0.01841796814594263,
        "sa_over_sf_mean": 0.2792073593533519,
        "sa_over_sf_std": 0.037003095956065456,
        "R2_area_mean": 0.9858345768058924,
        "R2_perim_mean": 0.9631504106536112,
        "mean_plaq_mean": 0.7440041863736774,
        "Wk_mean": {
          "1": 0.747379276578276,
          "2": 0.6560344344693241,
          "3": 0.6186894443022406,
          "4": 0.5469519458414859,
          "6": 0.4784699740817972,
          "8": 0.41714103861613977
        }
      },
      {
        "beta": 1.3,