{
  "gemini_T3_2D": {
    "M2_ratio_t_over_s": 5.077900114801195,
    "a_t": 10.000517550535665,
    "a_x": 1.969419902803109
  },
  "gemini_T3_4D": {
    "M2_ratio_t_over_s": 7.573361362573634,
    "a_t": 12.03717518803724,
    "a_x": 1.5894098553811358,
    "EB_ratio": 2.4799297526339226,
    "E_plane": 0.9563488599278264,
    "B_plane": 0.38563546363040824
  },
  "teic_C1_a_t_over_a_x_2D": 1.0288432168826058,
  "teic_C1_a_t_over_a_x_4D": 3.3816791616398807,
  "teic_W2_EB": 2.9702445543220133
}