{
  "separations": {
    "6.0": {
      "B_path": [
        1.8125717530607173,
        1.8140080165941879,
        1.8151688775347679,
        1.815911030617098,
        1.816216433189837,
        1.816068375113105,
        1.8155678037895162,
        1.8148199157218305,
        1.8140022454464861,
        1.8132121850626388,
        1.8125717530607173,
        1.8121182130497853,
        1.8118586261071228,
        1.8117273885841594,
        1.8116967088809262,
        1.811685446685109,
        1.8116967088809257,
        1.8117273885841594,
        1.811858626107123,
        1.8121182130497857,
        1.8125717530607173
      ],
      "E_path": [
        324.3464799953991,
        324.355296484884,
        324.3440399732466,
        324.32178416168205,
        324.3022038476902,
        324.29457924351493,
        324.3031929579439,
        324.32345183239227,
        324.34581287124655,
        324.35650249163893,
        324.346479995399,
        324.3138096093776,
        324.2660867276901,
        324.21650189781064,
        324.1798652995016,
        324.16609780187645,
        324.1798652995017,
        324.21650189781064,
        324.26608672769015,
        324.3138096093776,
        324.346479995399
      ],
      "B_start": 1.8125717530607173,
      "B_drift_max": 0.0036446801291196707,
      "E_max_over_min": 1.0005873676829675,
      "closure_max": 0.4903728760813932,
      "closure_mean": 0.00842475033187498
    },
    "8.0": {
      "B_path": [
        1.8165116888632007,
        1.8169845585601732,
        1.8173895838559964,
        1.8176616496279245,
        1.817793082226721,
        1.8177580844019405,
        1.8175862645992573,
        1.8173133828836032,
        1.8170172966469524,
        1.8167306679981012,
        1.8165116888632007,
        1.8163138713241385,
        1.8162050985991753,
        1.8161487435835661,
        1.816142903693775,
        1.8161396198193807,
        1.8161429036937748,
        1.8161487435835664,
        1.8162050985991753,
        1.8163138713241385,
        1.8165116888632007
      ],
      "E_path": [
        323.2881817837215,
        323.2393331549054,
        323.10194575767036,
        322.93421618309503,
        322.8010428409061,
        322.7511432350215,
        322.80130907620094,
        322.9346247698475,
        323.10237798249534,
        323.2396327734621,
        323.28818178372137,
        323.22646656613875,
        323.07786137608764,
        322.90147747708653,
        322.7631647600431,
        322.71119713485575,
        322.7631647600431,
        322.9014774770866,
        323.0778613760877,
        323.2264665661388,
        323.2881817837214
      ],
      "B_start": 1.8165116888632007,
      "B_drift_max": 0.001281393363520289,
      "E_max_over_min": 1.0017879288168132,
      "closure_max": 0.17651121721501953,
      "closure_mean": 0.004869151783927245
    },
    "10.0": {
      "B_path": [
        1.8180291393574093,
        1.8182032243413273,
        1.8183561234775714,
        1.8184403926268111,
        1.8184844215896647,
        1.8184828357089193,
        1.8184187575610515,
        1.8183300685100565,
        1.8182381727870625,
        1.8181228073440514,
        1.8180291393574095,
        1.8179655479587151,
        1.8179304410929689,
        1.8178940016823937,
        1.8178798498794533,
        1.8178839403794511,
        1.8178798498794533,
        1.8178940016823937,
        1.8179304410929686,
        1.8179655479587153,
        1.818029139357409
      ],
      "E_path": [
        325.49897184189587,
        325.3183814073179,
        324.85679251644837,
        324.3139640236604,
        323.8969507934925,
        323.74259962273425,
        323.8970237247844,
        324.31409827710894,
        324.8569337397904,
        325.3184768166042,
        325.4989718418958,
        325.3141652789439,
        324.84855221343474,
        324.30310218786434,
        323.8839395686158,
        323.72884919746065,
        323.8839395686156,
        324.3031021878642,
        324.8485522134348,
        325.31416527894396,
        325.49897184189587
      ],
      "B_start": 1.8180291393574093,
      "B_drift_max": 0.0004552822322554384,
      "E_max_over_min": 1.0054679175143748,
      "closure_max": 0.06273492783731559,
      "closure_mean": 0.0025283851792228832
    }
  },
  "closure_decay_ratios_per_plus2": [
    2.778140017492706,
    2.813603574594825
  ],
  "pre_registered": {
    "ratio_min": 2.0,
    "B_total": 2.0,
    "E_ratio_max": 1.5
  },
  "_meta": {
    "campaign": "MATTER_FR_EXCHANGE",
    "timestamp": "2026-06-11T01:21:42.400212+00:00",
    "numpy": "2.4.4",
    "grid": 61,
    "L_box": 24.0,
    "profile_w": 2.0
  }
}