{
  "scale": "full",
  "Ls": [
    12,
    14,
    16
  ],
  "Js": [
    2.6,
    2.63,
    2.66,
    2.68,
    2.7,
    2.72,
    2.75
  ],
  "Jc": 2.65,
  "n_seeds": 3,
  "burn": 1800,
  "meas": 2000,
  "jc_meas": 7000,
  "jc_seeds": 3,
  "scans": {
    "12": {
      "L": 12,
      "N": 1728,
      "perJ": {
        "2.6": {
          "m": 0.09953992733865505,
          "chi": 0.7002385473203695,
          "binder": 0.6131529157970945
        },
        "2.63": {
          "m": 0.122243210741812,
          "chi": 1.842079505354431,
          "binder": 0.5573673662135995
        },
        "2.66": {
          "m": 0.20030521264992407,
          "chi": 10.422281000991251,
          "binder": 0.5090134410667928
        },
        "2.68": {
          "m": 0.2925913754976261,
          "chi": 4.404036545182451,
          "binder": 0.6348706595647342
        },
        "2.7": {
          "m": 0.3427051162483373,
          "chi": 1.316384200974583,
          "binder": 0.6584312892497187
        },
        "2.72": {
          "m": 0.3720998281312412,
          "chi": 1.0479365215537957,
          "binder": 0.6611569987467405
        },
        "2.75": {
          "m": 0.4022570697176423,
          "chi": 0.6972647020778346,
          "binder": 0.6634019491611258
        }
      },
      "chi_max": 10.422281000991251,
      "J_chi_max": 2.66,
      "binder_min": 0.5090134410667928
    },
    "14": {
      "L": 14,
      "N": 2744,
      "perJ": {
        "2.6": {
          "m": 0.07565493594568203,
          "chi": 0.536224662067831,
          "binder": 0.621638018453546
        },
        "2.63": {
          "m": 0.09011656439507615,
          "chi": 1.1033156552660082,
          "binder": 0.5973783616227185
        },
        "2.66": {
          "m": 0.14312120367370873,
          "chi": 5.562233928315497,
          "binder": 0.5333914140390459
        },
        "2.68": {
          "m": 0.28352250283505576,
          "chi": 2.1468441192186782,
          "binder": 0.6537494085233246
        },
        "2.7": {
          "m": 0.3219025618632258,
          "chi": 1.8228175580954062,
          "binder": 0.6584327647733423
        },
        "2.72": {
          "m": 0.3587648703813164,
          "chi": 2.84892328037587,
          "binder": 0.6585552450668996
        },
        "2.75": {
          "m": 0.3923621172135921,
          "chi": 0.714362715701482,
          "binder": 0.6644217878606654
        }
      },
      "chi_max": 5.562233928315497,
      "J_chi_max": 2.66,
      "binder_min": 0.5333914140390459
    },
    "16": {
      "L": 16,
      "N": 4096,
      "perJ": {
        "2.6": {
          "m": 0.06395430325137624,
          "chi": 0.6441164933401744,
          "binder": 0.612626159143312
        },
        "2.63": {
          "m": 0.07763931945603551,
          "chi": 1.3278236483639567,
          "binder": 0.5876210813301599
        },
        "2.66": {
          "m": 0.10209554844781978,
          "chi": 2.9710393577816987,
          "binder": 0.5736069562405269
        },
        "2.68": {
          "m": 0.22624469303661454,
          "chi": 8.95395003833849,
          "binder": 0.6179882229050598
        },
        "2.7": {
          "m": 0.32346302718200215,
          "chi": 2.473013937725227,
          "binder": 0.6594469647802319
        },
        "2.72": {
          "m": 0.34863209948596696,
          "chi": 1.6730669708339292,
          "binder": 0.662271035444102
        },
        "2.75": {
          "m": 0.3850920563839273,
          "chi": 1.0621770544253195,
          "binder": 0.6643534405839984
        }
      },
      "chi_max": 8.95395003833849,
      "J_chi_max": 2.68,
      "binder_min": 0.5736069562405269
    }
  },
  "histograms_at_Jc": {
    "12": {
      "L": 12,
      "N": 1728,
      "e_mean": -0.28154309819373746,
      "e_std": 0.018620109511605133,
      "bimodality_coeff": 0.43773054125851396,
      "secondary_peak": 0.0,
      "dip_depth": 0.0,
      "n_samples": 21000,
      "J_used": 2.66
    },
    "14": {
      "L": 14,
      "N": 2744,
      "e_mean": -0.26232418557819526,
      "e_std": 0.012171042194743303,
      "bimodality_coeff": 0.4912804972399473,
      "secondary_peak": 0.0,
      "dip_depth": 0.0,
      "n_samples": 21000,
      "J_used": 2.66
    },
    "16": {
      "L": 16,
      "N": 4096,
      "e_mean": -0.29900666243649854,
      "e_std": 0.016318807597803027,
      "bimodality_coeff": 0.4192122036693365,
      "secondary_peak": 0.0,
      "dip_depth": 0.0,
      "n_samples": 21000,
      "J_used": 2.68
    }
  },
  "chi_max_exponent_x": -0.20615747709033305,
  "binder_min_by_L": [
    0.5090134410667928,
    0.5333914140390459,
    0.5736069562405269
  ],
  "binder_deepens": false,
  "dip_depth_by_L": [
    0.0,
    0.0,
    0.0
  ],
  "bimodal_any": false,
  "dm_max_by_L": {
    "12": 0.09228616284770202,
    "14": 0.14040129916134703,
    "16": 0.12414914458879477
  },
  "dm_sharpens": false,
  "votes_first_order": 0,
  "votes_out_of": 4,
  "G0_ok": true,
  "verdict": "CONTINUOUS -- chi_max~N^-0.21 (sub-volume), Binder saturates, energy histogram unimodal at J_c, order parameter smooth through L=16. No first-order signature survives; the transition is continuous.",
  "runtime_s": 6446.602157354355,
  "_meta": {
    "campaign": "FL1_SU3_FOUNDATION",
    "phase": "B2",
    "timestamp": "2026-06-19T01:39:26.496182+00:00",
    "python": "3.12.10",
    "numpy": "2.4.4",
    "platform": "Windows-11-10.0.26200-SP0"
  }
}