{
  "scale": "full",
  "e_sk_external": 0.5,
  "config": {
    "gauge_L": 8,
    "gauge_betas": [
      4.0,
      4.5,
      5.0,
      5.5,
      6.0
    ],
    "therm": 200,
    "nmeas": 30,
    "r_max": 4,
    "t_max": 5,
    "lattice_L": 31
  },
  "C1_homotopy": {
    "homotopy": {
      "vacuum_space": "SU(3)x SU(3)/SU(3)_diag ~= SU(3)",
      "pi_1": 0,
      "pi_2": 0,
      "pi_3": "Z",
      "defect": "pi_3 != 0 -> point defect in 3D = colour Skyrmion (B in Z)"
    },
    "B_convergence": [
      {
        "L": 15,
        "B": 0.8059826939466223
      },
      {
        "L": 21,
        "B": 0.8920807604551417
      },
      {
        "L": 31,
        "B": 0.9481772586676717
      },
      {
        "L": 41,
        "B": 0.9694018868630673
      }
    ],
    "B_best": 0.9694018868630673,
    "B_anti": -0.9481772586676717,
    "integer_charge_ok": true
  },
  "C2_stability": {
    "e_sk_external": 0.5,
    "radial": {
      "E2": 164.33837818716555,
      "E4": 17.88359227815341,
      "lam_star": 0.32988143996228525,
      "mass_2sqrtE2E4": 108.42436167489755,
      "lambdas": [
        0.1,
        0.2,
        0.33,
        0.5,
        0.8,
        1.0,
        1.5,
        2.5,
        4.0
      ],
      "E_with_skyrme": [
        195.26976060025066,
        122.28563702820016,
        108.42436867495678,
        117.93637364988959,
        153.8251928974242,
        182.22197046531895,
        258.4299621328506,
        417.9993823791752,
        661.8244108182006
      ],
      "E_without_skyrme": [
        16.433837818716555,
        32.86767563743311,
        54.23166480176463,
        82.16918909358277,
        131.47070254973244,
        164.33837818716555,
        246.50756728074833,
        410.84594546791385,
        657.3535127486622
      ],
      "interior_min_with_skyrme": true,
      "collapses_without_skyrme": true
    },
    "lattice_thermal": {
      "B0": 0.9481772586676717,
      "thermal_amp": 0.15,
      "cool_steps": 8,
      "B_after_noise": 0.6884426705317815,
      "B_after_cooling": 0.9421257197179477,
      "flow_history_t_E2_E4_B": [
        [
          0.0,
          4138.187354112549,
          69037.47231796199,
          0.6884426705317815
        ],
        [
          8.0,
          81.55519763392422,
          417.03245644256197,
          0.9421257197179477
        ]
      ],
      "B_preserved": true
    },
    "defect_stable": true
  },
  "C3_confinement": {
    "by_beta": {
      "4.0": {
        "plaquette": 0.24517447011811314,
        "acc": 0.446807861328125,
        "step": 0.3,
        "loops": {
          "1,1": 0.24405065870981377,
          "1,2": 0.061662611608512226,
          "1,3": 0.015159146351914444,
          "1,4": 0.0037988568437116294,
          "1,5": 0.0006655363147133738,
          "2,1": 0.06299741424296555,
          "2,2": 0.004116900544232227,
          "2,3": -0.00011136589564235224,
          "2,4": -0.0001778348258380467,
          "2,5": 0.0002582057768635343,
          "3,1": 0.015582831945115299,
          "3,2": 0.00010053652824803649,
          "3,3": 0.0002142955099140264,
          "3,4": 7.888392141612018e-05,
          "3,5": 0.0003423583541173352,
          "4,1": 0.00401079375093905,
          "4,2": -0.00038514711081691225,
          "4,3": -0.00037800476038377687,
          "4,4": 9.834767283213407e-05,
          "4,5": 0.00024613181310031746
        },
        "r": [
          1.0,
          2.0
        ],
        "V": [
          1.3891100598765773,
          2.7279930966305432
        ],
        "creutz_sigma": {
          "2": 1.3522950517720163,
          "3": NaN,
          "4": NaN
        },
        "sigma_creutz22": 1.3522950517720163,
        "V_slope_sigma": 1.3388830367539657,
        "V_increases": true,
        "V_grows": true
      },
      "4.5": {
        "plaquette": 0.290844456628008,
        "acc": 0.376312255859375,
        "step": 0.3,
        "loops": {
          "1,1": 0.28979989245668625,
          "1,2": 0.08622975139329819,
          "1,3": 0.025381790106277887,
          "1,4": 0.0071126438061701845,
          "1,5": 0.00186834464994527,
          "2,1": 0.08773130759769752,
          "2,2": 0.008717173577861139,
          "2,3": 0.0014646336581987233,
          "2,4": -0.000339072333497554,
          "2,5": 0.000208137529794225,
          "3,1": 0.025922047076469893,
          "3,2": 0.0004906594803006691,
          "3,3": 3.1338598880851056e-06,
          "3,4": -0.00027845165235828277,
          "3,5": 0.000388330804102061,
          "4,1": 0.007408463666435729,
          "4,2": 0.0004173298831909427,
          "4,3": -8.029411096264626e-05,
          "4,4": -0.0004497576514923306,
          "4,5": -0.00014349241369230733
        },
        "r": [
          1.0,
          2.0
        ],
        "V": [
          1.2344933192183243,
          2.3089837664247224
        ],
        "creutz_sigma": {
          "2": 1.0968083695281472,
          "3": 3.2697950226444084,
          "4": NaN
        },
        "sigma_creutz22": 1.0968083695281472,
        "V_slope_sigma": 1.0744904472063979,
        "V_increases": true,
        "V_grows": true
      },
      "5.0": {
        "plaquette": 0.3405499566172076,
        "acc": 0.31890869140625,
        "step": 0.3,
        "loops": {
          "1,1": 0.3441497931988188,
          "1,2": 0.12246194574043016,
          "1,3": 0.042945609444108246,
          "1,4": 0.01567544325171377,
          "1,5": 0.005360154874672335,
          "2,1": 0.12343754580560115,
          "2,2": 0.016751823648777482,
          "2,3": 0.002367107596321009,
          "2,4": 0.00039195060529424383,
          "2,5": -0.000741991195219594,
          "3,1": 0.043573673785913564,
          "3,2": 0.002754198449741198,
          "3,3": -0.0003445044624224186,
          "3,4": 0.00031479140594967045,
          "3,5": 0.00016204192662458737,
          "4,1": 0.014937919125353182,
          "4,2": 0.00039409612331378033,
          "4,3": -0.0005577143265822514,
          "4,4": -0.00034024774639521474,
          "4,5": 0.0005615178625984585
        },
        "r": [
          1.0,
          2.0,
          3.0
        ],
        "V": [
          1.037987324845923,
          1.977033269924074,
          2.7613266992973537
        ],
        "creutz_sigma": {
          "2": 0.9639515260472875,
          "3": NaN,
          "4": NaN
        },
        "sigma_creutz22": 0.9639515260472875,
        "V_slope_sigma": 0.8616696872257154,
        "V_increases": true,
        "V_grows": true
      },
      "5.5": {
        "plaquette": 0.44071523640987603,
        "acc": 0.3009033203125,
        "step": 0.255,
        "loops": {
          "1,1": 0.43903378949023647,
          "1,2": 0.201647487152353,
          "1,3": 0.09318903588041745,
          "1,4": 0.04269091196444551,
          "1,5": 0.019174702745197853,
          "2,1": 0.20242141217038628,
          "2,2": 0.04748769233839351,
          "2,3": 0.011591594140440704,
          "2,4": 0.0024860926320708207,
          "2,5": 0.0006505723952622257,
          "3,1": 0.09321954007620768,
          "3,2": 0.01163747547803403,
          "3,3": 0.0012260241814538745,
          "3,4": -0.000494992545823928,
          "3,5": -0.0002270051301421151,
          "4,1": 0.04305741645440272,
          "4,2": 0.003057718031657359,
          "4,3": -0.0003697443837467345,
          "4,4": 0.0007945397261422615,
          "4,5": 0.00026022205251444185
        },
        "r": [
          1.0,
          2.0,
          3.0,
          4.0
        ],
        "V": [
          0.7814504065608917,
          1.4609108784293918,
          2.0807268217362362,
          2.644865594927147
        ],
        "creutz_sigma": {
          "2": 0.6718258348437807,
          "3": 0.8402635978349722,
          "4": -1.6719402106639747
        },
        "sigma_creutz22": 0.6718258348437807,
        "V_slope_sigma": 0.6210061508405609,
        "V_increases": true,
        "V_grows": true
      },