{
  "OS1_harmonic_degeneracy": {
    "cubic": {
      "lattice": "8^3 periodic",
      "n_sites": 512,
      "n_edges": 1536,
      "stiffness_per_generator": [
        1047.9958973519388,
        1047.9958973519388,
        1047.9958518772037,
        1047.9958973519388,
        1047.9958973519388,
        1047.9958973519388,
        1047.9958973519388,
        1047.9958746145712
      ],
      "relative_spread": 4.3392093016332e-08,
      "predicted_J3_times_Laplacian": 1047.9958584689234,
      "measured_mean": 1047.995888825426,
      "form_match_rel_err": 2.896624282937472e-08
    },
    "causal": {
      "substrate": "Poisson sprinkling 4D, Hasse diagram",
      "n_sites": 665,
      "n_links": 12863,
      "stiffness_per_generator": [
        8176.338087650947,
        8176.338087650947,
        8176.338087650947,
        8176.338451448828,
        8176.338451448828,
        8176.338087650947,
        8176.338087650947,
        8176.338087650947
      ],
      "relative_spread": 4.449398652092498e-08,
      "form_match_rel_err": 2.6486533167146544e-08
    },
    "KILL_OS1_triggered": false,
    "verdict": "PASS -- octet exactly degenerate at harmonic order (cubic & causal), 8 generators decouple into identical Laplacian forms (P1 confirmed)"
  },
  "OS2_spectrum": {
    "static_stiffness": {
      "curve": {
        "k=0.2618": {
          "dE_over_k2_per_generator": [
            8781.670461719721,
            8781.670461719721,
            8781.670461719721,
            8781.670461719721,
            8781.670461719721,
            8781.670461719721,
            8781.670461719721,
            8781.695988781648
          ],
          "mean": 8781.673652602462,
          "relative_spread": 2.906856134389923e-06
        },
        "k=0.5236": {
          "dE_over_k2_per_generator": [
            8632.056379327336,
            8632.056379327336,
            8632.056379327303,
            8632.056379327336,
            8632.056379327336,
            8632.056379327336,
            8632.056379327336,
            8632.460828704967
          ],
          "mean": 8632.106935499536,
          "relative_spread": 4.685407406161729e-05
        },
        "k=0.7854": {
          "dE_over_k2_per_generator": [
            8387.231109769358,
            8387.231109769358,
            8387.231109769358,
            8387.231109769358,
            8387.231109769358,
            8387.231109769358,
            8387.231109769358,
            8389.245405164153
          ],
          "mean": 8387.482896693708,
          "relative_spread": 0.00024015493320270607
        },
        "k=1.0472": {
          "dE_over_k2_per_generator": [
            8053.818245362148,
            8053.818245362148,
            8053.818245362148,
            8053.818245362148,
            8053.818245362148,
            8053.818245362148,
            8053.818245362148,
            8060.039887207082
          ],
          "mean": 8054.595950592765,
          "relative_spread": 0.0007724337611839523
        },
        "k=1.3090": {
          "dE_over_k2_per_generator": [
            7640.750973015366,
            7640.750973015366,
            7640.750973015366,
            7640.750973015366,
            7640.750973015366,
            7640.750973015366,
            7640.750973015366,
            7655.497163454989
          ],
          "mean": 7642.594246820319,
          "relative_spread": 0.0019294744642185235
        },
        "k=1.5708": {
          "dE_over_k2_per_generator": [
            7158.9495514330165,
            7158.9495514330165,
            7158.9495514330165,
            7158.949551433019,
            7158.949551433019,
            7158.949551433019,
            7158.949551433019,
            7188.435466165117
          ],
          "mean": 7162.63529077453,
          "relative_spread": 0.004116629359877948
        }
      },
      "max_generator_spread_over_k": 0.004116629359877948,
      "per_link_fit": {
        "c0_rho_s": 0.3326148954661231,
        "c1_curvature": -0.025556059289063314,
        "predicted_c0": 0.3333333333333333,
        "predicted_c1": -0.027777777777777776
      },
      "rho_s_continuum_limit": 0.3326148954661231
    },
    "dispersion": {
      "path_Gamma_X_M": [
        {
          "k": [
            0.0,
            0.0,
            0.0
          ],
          "omega": 0.0
        },
        {
          "k": [
            0.2617993877991494,
            0.0,
            0.0
          ],
          "omega": 0.21314837933837447
        },
        {
          "k": [
            0.5235987755982988,
            0.0,
            0.0
          ],
          "omega": 0.4226497308103741
        },
        {
          "k": [
            0.7853981633974483,
            0.0,
            0.0
          ],
          "omega": 0.624919428207565
        },
        {
          "k": [
            1.0471975511965976,
            0.0,
            0.0
          ],
          "omega": 0.8164965809277259
        },
        {
          "k": [
            1.308996938995747,
            0.0,
            0.0
          ],
          "omega": 0.9941032507725939
        },
        {
          "k": [
            1.5707963267948966,
            0.0,
            0.0
          ],
          "omega": 1.1547005383792515
        },
        {
          "k": [
            1.8325957145940457,
            0.0,
            0.0
          ],
          "omega": 1.2955405796307682
        },
        {
          "k": [
            2.0943951023931953,
            0.0,
            0.0
          ],
          "omega": 1.414213562373095
        },
        {
          "k": [
            2.356194490192345,
            0.0,
            0.0
          ],
          "omega": 1.508688958969143
        },
        {
          "k": [
            2.617993877991494,
            0.0,
            0.0
          ],
          "omega": 1.5773502691896257
        },
        {
          "k": [
            2.8797932657906435,
            0.0,
            0.0
          ],
          "omega": 1.619022678980159
        },
        {
          "k": [
            3.141592653589793,
            0.0,
            0.0
          ],
          "omega": 1.632993161855452
        },
        {
          "k": [
            3.141592653589793,
            0.28559933214452665,
            0.0
          ],
          "omega": 1.649447190782618
        },
        {
          "k": [
            3.141592653589793,
            0.5711986642890533,
            0.0
          ],
          "omega": 1.696563769179266
        },
        {
          "k": [
            3.141592653589793,
            0.8567979964335799,
            0.0
          ],
          "omega": 1.7682908003887876
        },
        {
          "k": [
            3.141592653589793,
            1.1423973285781066,
            0.0
          ],
          "omega": 1.856371007098927
        },
        {
          "k": [
            3.141592653589793,
            1.4279966607226333,
            0.0
          ],
          "omega": 1.9519853693873543
        },
        {
          "k": [
            3.141592653589793,
            1.7135959928671598,
            0.0
          ],
          "omega": 2.0468886432089346
        },
        {
          "k": [
            3.141592653589793,
            1.9991953250116865,
            0.0
          ],
          "omega": 2.1339837590765574
        },
        {
          "k": [
            3.141592653589793,
            2.284794657156213,
            0.0
          ],
          "omega": 2.207520700981166
        },
        {
          "k": [
            3.141592653589793,
            2.57039398930074,
            0.0
          ],
          "omega": 2.2631109953133635
        },
        {
          "k": [
            3.141592653589793,
            2.8559933214452666,
            0.0
          ],
          "omega": 2.2976779506317526
        },
        {
          "k": [
            3.141592653589793,
            3.141592653589793,
            0.0
          ],