{
  "L_box": 16.0,
  "grids": [
    41,
    61
  ],
  "results": {
    "smooth": {
      "41": {
        "B": 0.9095631493070481,
        "E2": 126.13103887454513
      },
      "61": {
        "B": 0.9583591786967591,
        "E2": 129.02694432599375
      }
    },
    "Q8": {
      "41": {
        "B": 0.10132118364233778,
        "E2": 883.2000000000007
      },
      "61": {
        "B": 0.050660591821168895,
        "E2": 1427.1999999999996
      }
    },
    "2T": {
      "41": {
        "B": 0.43061503047993555,
        "E2": 973.6000000000009
      },
      "61": {
        "B": 0.07599088773175335,
        "E2": 1455.9999999999995
      }
    }
  },
  "E2_refinement_ratio_61_over_41": {
    "smooth": 1.022959498924995,
    "Q8": 1.6159420289855055,
    "2T": 1.4954806902218551
  },
  "pre_registered": {
    "wall_ratio": 1.4878048780487805,
    "smooth_ratio": 1.0,
    "B_proj_max": 0.2
  },
  "_meta": {
    "timestamp": "2026-06-11T01:03:10.039021+00:00",
    "numpy": "2.4.4"
  }
}