{
  "cases": {
    "1": {
      "N": 4000,
      "r_c": 0.006,
      "mean_degree_first_seed": 23.9355,
      "fit_window": [
        0.012,
        0.6
      ],
      "power_exponent": {
        "mean": 0.9931984521970293,
        "sem": 0.036189282742103514
      },
      "log_wins": 0,
      "n_seeds": 10
    },
    "2": {
      "N": 20000,
      "r_c": 0.02449489742783178,
      "mean_degree_first_seed": 11.8359,
      "fit_window": [
        0.04898979485566356,
        0.6
      ],
      "power_exponent": {
        "mean": -0.12081914122309652,
        "sem": 0.05447436945339677
      },
      "log_wins": 1,
      "n_seeds": 10
    },
    "3": {
      "N": 40000,
      "r_c": 0.07047298732064892,
      "mean_degree_first_seed": 13.43245,
      "fit_window": [
        0.14094597464129785,
        0.6
      ],
      "power_exponent": {
        "mean": -0.9500018126031573,
        "sem": 0.05426056664991049
      },
      "log_wins": 0,
      "n_seeds": 10
    },
    "4": {
      "N": 100000,
      "r_c": 0.10466351393921056,
      "mean_degree_first_seed": 11.146,
      "fit_window": [
        0.2093270278784211,
        0.6
      ],
      "power_exponent": {
        "mean": -1.9969889419641362,
        "sem": 0.09630357567630936
      },
      "log_wins": 0,
      "n_seeds": 10
    }
  },
  "pre_registered": {
    "1": "+1 (linear)",
    "2": "log",
    "3": "-1",
    "4": "-2"
  },
  "_meta": {
    "timestamp": "2026-06-11T00:39:38.176672+00:00",
    "numpy": "2.4.4",
    "platform": "Windows-11-10.0.26200-SP0"
  }
}