{
  "twoD": {
    "E_path": [
      26.327547016651693,
      26.29765746768179,
      26.195595593153723,
      26.00076798798973,
      25.691075444487222,
      25.245545343972587,
      24.648578903873993,
      23.895524908337222,
      22.998311100717668,
      21.98882743808913,
      20.91753865325921,
      19.846249868428607,
      18.8367662058004,
      17.93955239818085,
      17.18649840264384,
      16.58953196254532,
      16.14400186203057,
      15.834309318528197,
      15.63948171336452,
      15.537419838835806,
      15.507530289867363,
      13.996750515721896,
      11.061010053746543,
      8.469835341845164,
      6.223531961235688,
      4.322364898301636,
      2.7665584806411294,
      1.5562963229179778,
      0.6917212825359634,
      0.17293542514483742,
      0.0
    ],
    "peak_density": [
      4.560742185432094,
      4.560742185432114,
      4.560742185432094,
      4.560742185432094,
      4.560742185432094,
      4.560742185432094,
      4.560742185432094,
      4.560742185432094,
      4.560742185432094,
      4.560742185432114,
      4.560742185432094,
      4.560742185432114,
      4.560742185432094,
      4.560742185432094,
      4.560742185432094,
      4.560742185432094,
      4.560742185432094,
      4.560742185432094,
      4.560742185432094,
      4.560742185432114,
      4.560742185432094,
      4.1177948891430765,
      3.2562155735152256,
      2.4948308442622826,
      1.834077820024771,
      1.274335845768007,
      0.8159262749963306,
      0.4591122852606646,
      0.20409872706580484,
      0.05103200626361802,
      0.0
    ],
    "smooth_unwinding": true,
    "E_start": 26.327547016651693,
    "E_end": 0.0,
    "peak_max_over_start": 1.0000000000000044
  },
  "threeD": {
    "s": [
      0.0,
      0.05,
      0.1,
      0.15000000000000002,
      0.2,
      0.25,
      0.30000000000000004,
      0.35000000000000003,
      0.4,
      0.45,
      0.5,
      0.55,
      0.6000000000000001,
      0.65,
      0.7000000000000001,
      0.75,
      0.8,
      0.8500000000000001,
      0.9,
      0.9500000000000001,
      1.0
    ],
    "B_n81": [
      0.9476976862051784,
      0.9475104911860059,
      0.9470747894092364,
      0.9463341823470436,
      0.9451861992898811,
      0.9434080678286979,
      0.9404381793713619,
      0.9346438121863211,
      0.9203096672586948,
      0.870679134233758,
      0.41633060511937603,
      0.03244368489052038,
      0.013407285679515326,
      0.009357393731684732,
      0.006780821999971213,
      0.004559571029312391,
      0.0027579828759282756,
      0.00144023392415284,
      0.0005872188563513448,
      0.00013365899082264812,
      0.0
    ],
    "B_n61": [
      0.9095632553387493,
      0.9092515587531979,
      0.9085233713455817,
      0.9072630922555377,
      0.9052695190390246,
      0.9021394427488241,
      0.8969525774189783,
      0.8873094332767957,
      0.8658010088011662,
      0.8037100136915871,
      0.38811060709893264,
      0.04125840540823912,
      0.018287902487292174,
      0.012390305086978774,
      0.008802840833161104,
      0.005868837903466606,
      0.0035377775020193777,
      0.0018450406723445542,
      0.0007519302308868457,
      0.0001711278252934792,
      0.0
    ],
    "peak_n81": [
      6.2818786231722585,
      6.281878623172264,
      6.4658289150653765,
      6.93678599424134,
      7.5469280782563395,
      8.35109859743103,
      9.424083277585428,
      11.217448671534468,
      15.478389882324885,
      24.34967144538354,
      84.06765500749047,
      14.145837904255444,
      6.636013492066715,
      6.2818786231722585,
      6.2818786231722585,
      6.2818786231722585,
      6.2818786231722585,
      6.2818786231722585,
      6.281878623172264,
      6.281878623172264,
      6.2818786231722585
    ],
    "peak_n61": [
      5.918076275817282,
      5.918076275817281,
      5.918076275817281,
      6.260324083314171,
      6.8005156915759235,
      7.512491110827582,
      8.462462167075152,
      9.729784712575313,
      12.089372388907496,
      17.654788730275147,
      45.19217068855117,
      9.43961716201674,
      5.918076275817281,
      5.9180762758172785,
      5.9180762758172785,
      5.9180762758172785,
      5.9180762758172785,
      5.9180762758172785,
      5.9180762758172785,
      5.9180762758172785,
      5.9180762758172785
    ],
    "B_jumps": true,
    "peak_grows_with_refinement": true,
    "peak_ratio_81_over_61": 1.860226090639808
  },
  "pre_registered": "2D unwinds smoothly (pi_2(S^3)=0); 3D barrier: B jumps 1->0 with diverging peak (pi_3(S^3)=Z)"
}