{
  "experiment": "EXP2_arrow",
  "seeds": [
    0,
    1,
    2,
    3,
    4,
    5,
    6,
    7,
    8,
    9,
    10,
    11
  ],
  "by": {
    "dim2_N200": {
      "chi_A": {
        "mean_fwd": [
          0.38571937525773503,
          0.3873474829174035,
          0.3985019921436415,
          0.3980057862755764,
          0.39230154112347976,
          0.3914926676201062,
          0.3981479604117386,
          0.4110564242714095,
          0.43274295427100357,
          0.4607577403518264,
          0.4968994438050324,
          0.5435653113117399
        ],
        "mean_bwd": [
          0.3899183387904909,
          0.3936433563698023,
          0.4076592906345455,
          0.39952579618124445,
          0.3976486961831221,
          0.3977918740312721,
          0.4015333772417087,
          0.41402550715886277,
          0.43620269299716435,
          0.4619857335534194,
          0.49728897457070703,
          0.5435653113117399
        ],
        "D_TR": [
          0.19108319645011632,
          0.35133960786357443,
          0.5504517527478637,
          0.09819715964356508,
          0.4387785604442703,
          0.5710242082483181,
          0.34874707202046973,
          0.3247714551557343,
          0.36998557638720747,
          0.13281931220192705,
          0.04313815129698457,
          0.0
        ],
        "D_TR_max": 0.5710242082483181,
        "D_TR_median": 0.33675926358810204,
        "frac_n_above_3": 0.0
      },
      "S": {
        "mean_fwd": [
          3.2728220200080753,
          3.7205779902263756,
          4.043271162644186,
          4.275920617564727,
          4.477729472987732,
          4.634535490982363,
          4.778505538127692,
          4.897172729360771,
          5.009483211377832,
          5.104039207349338,
          5.195550814037751,
          5.27313052790101
        ],
        "mean_bwd": [
          3.2742822299690437,
          3.717727742044133,
          4.044896751889067,
          4.277742826010952,
          4.477532411600042,
          4.634705816999882,
          4.779152024703645,
          4.897646873217965,
          5.009910230139226,
          5.104508885907475,
          5.195910611186569,
          5.27313052790101
        ],
        "D_TR": [
          0.2082701532354312,
          0.7165187218624142,
          0.5549213498970913,
          0.8591999790013336,
          0.1251278895067049,
          0.1255460316590382,
          0.5464314708032855,
          0.5171135368783201,
          0.5310164197378726,
          0.6415628334139141,
          0.4893816638082342,
          0.0
        ],
        "D_TR_max": 0.8591999790013336,
        "D_TR_median": 0.5240649783080964,
        "frac_n_above_3": 0.0
      },
      "structural": {
        "mean": {
          "mean_asym": 0.0,
          "skew_inout": 0.010851184981786244,
          "cycles_2": 0.0,
          "frac_acyclic": 1.0,
          "mean_in": 48.85374999999999,
          "mean_out": 48.85374999999999
        },
        "sem": {
          "mean_asym": 0.0,
          "skew_inout": 0.035074299265323954,
          "cycles_2": 0.0,
          "frac_acyclic": 0.0,
          "mean_in": 0.577521521637545,
          "mean_out": 0.577521521637545
        }
      }
    },
    "dim2_N500": {
      "chi_A": {
        "mean_fwd": [
          0.38918685766300243,
          0.38402638810518663,
          0.38952201402551445,
          0.3875581318317762,
          0.38631191295967215,
          0.39063255181095013,
          0.3995219701554475,
          0.4173272682105547,
          0.43788151545739074,
          0.4646803040877053,
          0.49721918733546255,
          0.5459549560865654
        ],
        "mean_bwd": [
          0.39004955905876476,
          0.38922493195092045,
          0.38715990491917474,
          0.3931942245222175,
          0.3940812457319407,
          0.3959995043410651,
          0.40372669331770417,
          0.41758225568685786,
          0.43863386703685486,
          0.46357568661174836,
          0.49728172660040476,
          0.5459549560865652
        ],
        "D_TR": [
          0.05502191692182947,
          0.45935594173803646,
          0.2806958635052546,
          0.7860466278667013,
          0.8856103034642595,
          0.6917501519146755,
          0.695318545196678,
          0.04750542584042824,
          0.15351500899436976,
          0.25850415662399434,
          0.017388938265395764,
          6.723484778697553e-14
        ],
        "D_TR_max": 0.8856103034642595,
        "D_TR_median": 0.2696000100646245,
        "frac_n_above_3": 0.0
      },
      "S": {
        "mean_fwd": [
          4.2626800386013475,
          4.698279963741063,
          4.995565178537151,
          5.22999230253065,
          5.419516758429286,
          5.574870653544777,
          5.712703513482539,
          5.830952051658386,
          5.9393659542218815,
          6.037068333681424,
          6.123712661077146,
          6.204759152381034
        ],
        "mean_bwd": [
          4.263481811853507,
          4.699243599524959,
          4.995716856119146,
          5.229459726874813,
          5.4191617839034025,
          5.574724203008217,
          5.712714021848433,
          5.8309707637720365,
          5.939410592711912,
          6.037155662819708,
          6.123719949816103,
          6.204759152381034
        ],
        "D_TR": [
          0.28559509943723654,
          0.5906541039496002,
          0.16782723261757934,
          0.9736978310044566,
          1.0655042366056475,
          0.5414285948410649,
          0.03894909631881573,
          0.06786529596584452,
          0.1943860737918558,
          0.4849473228303359,
          0.04704826310387906,
          0.0
        ],
        "D_TR_max": 1.0655042366056475,
        "D_TR_median": 0.23999058661454617,
        "frac_n_above_3": 0.0
      },
      "structural": {
        "mean": {
          "mean_asym": 0.0,
          "skew_inout": -0.002211799922417605,
          "cycles_2": 0.0,
          "frac_acyclic": 1.0,
          "mean_in": 123.54749999999997,
          "mean_out": 123.54749999999997
        },
        "sem": {
          "mean_asym": 0.0,
          "skew_inout": 0.01915295873278274,
          "cycles_2": 0.0,
          "frac_acyclic": 0.0,
          "mean_in": 0.7244081858296264,
          "mean_out": 0.7244081858296264
        }
      }
    },
    "dim4_N200": {
      "chi_A": {
        "mean_fwd": [
          0.08292761346420101,
          0.08631200007056106,
          0.08221918441570907,
          0.08274249797626503,
          0.08484758693963472,
          0.08332968173698899,
          0.08506644412705226,
          0.087807276395859,
          0.09532393875112888,
          0.10702664527656967,
          0.1304113988435261,
          0.17326088082968197
        ],
        "mean_bwd": [
          0.08787249305335054,
          0.07774820520291886,
          0.0754867567234977,
          0.0715617420920025,
          0.07357551503335862,
          0.07329312473668724,
          0.076178777442352,
          0.08034065423533208,
          0.08724295228816821,
          0.10119837436657886,
          0.12319407446682444,
          0.17326088082968194
        ],
        "D_TR": [
          0.5719792558419383,
          0.9982750842312059,
          0.8825345115690645,
          1.601594312076561,
          1.587295587009657,
          1.6152103999938545,
          1.4350480726047323,
          1.2363255775795157,
          1.2724622150378384,
          0.8538420178614086,
          1.1005785486026944,
          4.210569152442107e-15
        ],
        "D_TR_max": 1.6152103999938545,
        "D_TR_median": 1.168452063091105,
        "frac_n_above_3": 0.0
      },