{
  "experiment": "FD1_eta_emergence",
  "seeds": [
    0,
    1,
    2,
    3,
    4,
    5,
    6,
    7,
    8,
    9,
    10,
    11
  ],
  "kgrid": [
    0.2,
    0.4,
    0.6,
    0.8,
    1.0,
    1.2,
    1.4,
    1.5999999999999999,
    1.7999999999999998,
    1.9999999999999998,
    2.1999999999999997,
    2.4,
    2.6,
    2.8,
    3.0,
    3.1999999999999997,
    3.4,
    3.6,
    3.8,
    4.0,
    4.199999999999999,
    4.3999999999999995,
    4.6,
    4.8,
    5.0,
    5.2,
    5.3999999999999995,
    5.6,
    5.8,
    6.0
  ],
  "by": {
    "dim2_main": {
      "G": [
        0.012222222222222223,
        0.024166666666666666,
        0.04611111111111111,
        0.085,
        0.1602777777777778,
        0.3327777777777778,
        0.5333333333333333,
        0.6266666666666666,
        0.708611111111111,
        0.7683333333333334,
        0.8108333333333334,
        0.8502777777777778,
        0.8733333333333334,
        0.8927777777777778,
        0.9097222222222223,
        0.9219444444444446,
        0.9308333333333335,
        0.9383333333333334,
        0.9436111111111111,
        0.9494444444444444,
        0.9566666666666666,
        0.958888888888889,
        0.9630555555555554,
        0.9672222222222221,
        0.971388888888889,
        0.9736111111111113,
        0.9763888888888891,
        0.9797222222222222,
        0.9802777777777778,
        0.9808333333333334
      ],
      "susc": [
        1.1757858661842173,
        1.5454694203870565,
        2.044208691286197,
        3.210904270187044,
        4.56905522362325,
        4.794019535859618,
        3.3251823207078033,
        2.2098759440170803,
        1.6102615037322174,
        1.4230268250360412,
        1.364966777515134,
        1.2859206923619406,
        1.2238146978298188,
        1.1674255781619036,
        1.1314564668950633,
        1.10220496823438,
        1.1043231178694748,
        1.116473000683527,
        1.0913165266106442,
        1.0994635684328666,
        1.0831476393976394,
        1.0875559625559628,
        1.078617216117216,
        1.079442616207322,
        1.0694444444444444,
        1.047542735042735,
        1.038961038961039,
        1.038961038961039,
        1.0404761904761906,
        1.0404761904761906
      ],
      "R": [
        0.08764861785872106,
        0.09145383462982161,
        0.06394561229569874,
        0.07376380382117757,
        0.05553874849218149,
        0.050085661280504325,
        0.046734405718045983,
        0.06948199118754805,
        0.08798936163106537,
        0.09868625529844811,
        0.10507939567594521,
        0.11418935408708515,
        0.12675255604682115,
        0.13874673124167006,
        0.1546219699587648,
        0.16285192092086334,
        0.17527664898316345,
        0.19117405069350168,
        0.2042162301415624,
        0.2157949438730726,
        0.22919214376997124,
        0.2412157163306833,
        0.2477120458568273,
        0.2619335856846078,
        0.27360075825141944,
        0.2847581629343516,
        0.295819962580911,
        0.3027683411135725,
        0.3124515648442651,
        0.3220206205340314
      ],
      "kc": 1.2,
      "susc_peak_ratio": 4.4411990631828635,
      "R_at_kc": 0.050085661280504325,
      "G_at_kc": 0.3327777777777778
    },
    "dim4_main": {
      "G": [
        0.016666666666666666,
        0.046388888888888875,
        0.12500000000000003,
        0.26666666666666666,
        0.3863888888888889,
        0.4666666666666666,
        0.5300000000000001,
        0.5786111111111112,
        0.6247222222222223,
        0.6552777777777776,
        0.6791666666666667,
        0.6988888888888889,
        0.7152777777777778,
        0.7338888888888887,
        0.7474999999999999,
        0.7616666666666666,
        0.7697222222222223,
        0.7808333333333333,
        0.7958333333333333,
        0.8052777777777779,
        0.8127777777777777,
        0.8202777777777778,
        0.8275,
        0.8361111111111109,
        0.8427777777777777,
        0.846388888888889,
        0.8522222222222223,
        0.8569444444444443,
        0.8608333333333333,
        0.8647222222222221
      ],
      "susc": [
        1.1946715991598502,
        1.6086264690024323,
        2.0565962945301055,
        2.001149314582963,
        1.5419126386389548,
        1.3038618543664056,
        1.1816846660111515,
        1.134984996807348,
        1.088324315512947,
        1.0728660325941826,
        1.0652860845267147,
        1.0734719598780005,
        1.068108427968294,
        1.0570891765675319,
        1.0497841573473077,
        1.0362923136276252,
        1.0356117730436978,
        1.0298219396887631,
        1.0140502434218281,
        1.0178825421919326,
        1.0184211564374013,
        1.0190629724111868,
        1.0133778258778259,
        1.0104883731932912,
        1.0106296959745236,
        1.0108100711548988,
        1.0111556839252602,
        1.0125208855472014,
        1.0083542188805346,
        1.0086946702800361
      ],
      "R": [
        0.10811206837264294,
        0.12124802177659093,
        0.05014185063091822,
        0.06567988584656091,
        0.07066247703944435,
        0.08945085735777525,
        0.12480368381200584,
        0.13446590184917107,
        0.1521334163840473,
        0.16418282481687455,
        0.1863518617172272,
        0.2044024435792096,
        0.2237424778985957,
        0.24050691616488798,
        0.25787284925596726,
        0.26623831784173174,
        0.2855727329345488,
        0.3060775345282863,
        0.31957489187920435,
        0.33091177228120944,
        0.34090515073019234,
        0.35164506766259035,
        0.3637629743573581,
        0.3707464488746947,
        0.3804277499822053,
        0.39071239957388354,
        0.3993590187455362,
        0.4102870777095819,
        0.4243416805809237,
        0.43201436444407265
      ],
      "kc": 0.6,
      "susc_peak_ratio": 2.0294467098178357,
      "R_at_kc": 0.05014185063091822,
      "G_at_kc": 0.12500000000000003
    }
  },
  "robustness": {
    "2": {
      "kc_-10%": 1.0,
      "kc_base": 1.2,
      "kc_+10%": 1.2,
      "max_rel_dev": 0.16666666666666663,
      "robust_ok": true
    },
    "4": {
      "kc_-10%": 0.8,
      "kc_base": 0.6,
      "kc_+10%": 0.6,
      "max_rel_dev": 0.3333333333333335,
      "robust_ok": false
    }
  },
  "verdict": {
    "susceptibility_peak_ge_2x": true,
    "kc_robust_within_20pct": false,
    "result": "MORTE"
  },
  "postdiction": {
    "kc_measured": {
      "2": 1.2,
      "4": 0.6
    },
    "eta_implied_(kc-1)^2": {
      "2": 0.03999999999999998,
      "4": 0.16000000000000003
    },
    "SR_relation": "p_c*N = 1+sqrt(eta)  ->  k_c = 1+sqrt(eta)  ->  eta=(k_c-1)^2",
    "SR_eta_macro": 0.1,
    "SR_eta_nisq": 0.99,
    "ER_generic_kc": 1.0,
    "note": "POS-DICAO (numeros da SR ja expostos no prompt). k_c~1 = limiar ER generico (qualquer grafo) -> NAO pina eta especifico de TEIC; reproduz a relacao de consistencia da SR sem deriva-la."
  },
  "_meta": {
    "timestamp": "2026-06-22T01:32:46.850386+00:00",
    "python": "3.12.10",
    "numpy": "2.4.4",
    "platform": "Windows-11-10.0.26200-SP0"
  }
}