{
  "experiment": "FD2_signature",
  "seeds": [
    0,
    1,
    2,
    3,
    4,
    5,
    6,
    7,
    8,
    9
  ],
  "sigmas": [
    0.04,
    0.04931386957768265,
    0.06079644331811737,
    0.07495269691441538,
    0.0924051880033264,
    0.11392143473743208,
    0.14044766936860528,
    0.17315045124332235,
    0.2134679692482524,
    0.26317328986302724,
    0.32445233231587484,
    0.4
  ],
  "by": {
    "dim2_BD": {
      "gamma_mean": [
        0.9597503049935112,
        0.7446068986215358,
        0.5665359350228887,
        0.4246202156687614,
        0.31531293738038696,
        0.2316776981897421,
        0.16547150514286774,
        0.11165873540874305,
        0.06965703808623142,
        0.039917581763980324,
        0.02116824584546783,
        0.010547174780877903
      ],
      "p_exponent": -1.8828366227317572,
      "R2": 0.9691320460331533,
      "class": "SR (sigma^-2)"
    },
    "dim2_adjLaplacian": {
      "gamma_mean": [
        164.30403916330988,
        145.60352909497698,
        124.94404566469306,
        102.95878535884374,
        80.67212681489282,
        59.425596399476795,
        40.628377300976,
        25.48392768032907,
        14.602932758513086,
        7.70074916161681,
        3.799860319259588,
        1.7884002267323122
      ],
      "p_exponent": -1.931714131374943,
      "R2": 0.9335862716776013,
      "class": "SR (sigma^-2)"
    },
    "dim4_BD": {
      "gamma_mean": [
        39.423465184179314,
        38.100158951037564,
        35.81980732529005,
        32.40830581768803,
        27.647838330760198,
        21.500045830847732,
        14.724093229631055,
        8.72727772028964,
        4.5225378163874606,
        2.1214282208768522,
        0.9391456148071147,
        0.40502586584369027
      ],
      "p_exponent": -1.9569357683419255,
      "R2": 0.877803430904443,
      "class": "SR (sigma^-2)"
    },
    "dim4_adjLaplacian": {
      "gamma_mean": [
        132.68150514430312,
        126.13025584466945,
        115.01586968585077,
        99.57045569241191,
        80.23543591761668,
        58.19322705414402,
        36.884955151381334,
        20.27884747106209,
        9.855443766412144,
        4.399175896517507,
        1.8786916649977958,
        0.7901666432483633
      ],
      "p_exponent": -2.2251019709912234,
      "R2": 0.9012626920179734,
      "class": "SR (sigma^-2)"
    }
  },
  "summary": {
    "classes": [
      "SR (sigma^-2)",
      "SR (sigma^-2)",
      "SR (sigma^-2)",
      "SR (sigma^-2)"
    ],
    "caveat": "limite continuo de ambos operadores = Laplaciano; p~-2 e assinatura SR mas por razao GENERICA (Laplaciano), nao mecanismo SR-especifico."
  },
  "_meta": {
    "timestamp": "2026-06-22T01:34:10.251106+00:00",
    "python": "3.12.10",
    "numpy": "2.4.4",
    "platform": "Windows-11-10.0.26200-SP0"
  }
}