{
  "experiment": "FS1_lindblad",
  "frozen": "FS_PRE_REGISTRO.md",
  "dims": [
    2,
    4
  ],
  "N": 400,
  "seeds": [
    0,
    1,
    2,
    3,
    4,
    5,
    6,
    7,
    8,
    9
  ],
  "sigmas": [
    0.08,
    0.12,
    0.18
  ],
  "dx": [
    0.02,
    0.02626064868975768,
    0.034481083480343594,
    0.045274780985975496,
    0.059447255898921185,
    0.0780561751365847,
    0.10249028966640242,
    0.13457307455204479,
    0.17669881169559087,
    0.23201127089177784,
    0.3046383238476591,
    0.4
  ],
  "A": {
    "dim2": {
      "Lorentzian_signed": {
        "mean_min_rate_rel": -1.0,
        "mean_n_neg": 316.6,
        "frac_CP": 0.0
      },
      "Euclidean_abs": {
        "mean_min_rate_rel": 1.6313163937288778e-16,
        "mean_n_neg": 0.0,
        "frac_CP": 1.0
      },
      "verdict_A": "SOBREVIVE-CP",
      "CP_requires_Euclidean_continuation": true
    },
    "dim4": {
      "Lorentzian_signed": {
        "mean_min_rate_rel": -1.0,
        "mean_n_neg": 389.7,
        "frac_CP": 0.0
      },
      "Euclidean_abs": {
        "mean_min_rate_rel": 6.08813084770755e-18,
        "mean_n_neg": 0.0,
        "frac_CP": 1.0
      },
      "verdict_A": "SOBREVIVE-CP",
      "CP_requires_Euclidean_continuation": true
    }
  },
  "B": {
    "dim2": {
      "M_BD_sigma0.08": {
        "gamma0": 6.423691497980855,
        "gamma_mean": [
          6.423691497980855,
          6.424840767106252,
          6.426756337839191,
          6.429874783878605,
          6.43475959613455,
          6.441975838107679,
          6.451918181579986,
          6.4656241568554496,
          6.490316955902884,
          6.552897947820654,
          6.693575560511751,
          6.816568353016239
        ],
        "q": 2.023631548705752,
        "R2": 0.9899487931841058,
        "rel_var": 0.06116060448402234,
        "verdict": "SOBREVIVE (Dx^2)"
      },
      "M_BD_sigma0.12": {
        "gamma0": 3.8562136708376173,
        "gamma_mean": [
          3.8562136708376173,
          3.8559906068628047,
          3.8556155844542013,
          3.8549973420004506,
          3.854015208762815,
          3.852568506011161,
          3.850792871637945,
          3.849779133586748,
          3.8535693454398485,
          3.873363871232937,
          3.9313648796341,
          4.053923866108392
        ],
        "q": 2.0744743031280377,
        "R2": 0.8822573217897389,
        "rel_var": 0.0512705498572204,
        "verdict": "FORA-de-Dx^2 (q=2.07,R2=0.88)"
      },
      "M_BD_sigma0.18": {
        "gamma0": 1.8189517673934052,
        "gamma_mean": [
          1.8189517673934052,
          1.8191306771351718,
          1.8194423240823496,
          1.819989102811963,
          1.820959863403365,
          1.8227164670574332,
          1.8259888862699512,
          1.8323422717931437,
          1.8453421832990116,
          1.8734927982814065,
          1.9374066501300302,
          2.0856699519171484
        ],
        "q": 2.5633037586439307,
        "R2": 0.9975932920851476,
        "rel_var": 0.14663290654812455,
        "verdict": "FORA-de-Dx^2 (q=2.56,R2=1.00)"
      },
      "A_sym_sigma0.08": {
        "gamma0": 8873.250778674723,
        "gamma_mean": [
          8873.250778674723,
          8872.198624409435,
          8870.319798157238,
          8866.89853211565,
          8860.509300403917,
          8848.258026545032,
          8824.347211535885,
          8777.721911638148,
          8687.728547940294,
          8509.10316223211,
          8122.659899355403,
          7269.6338208190045
        ],
        "q": 2.5927450417664915,
        "R2": 0.9978848620883811,
        "rel_var": 0.18072485471837738,
        "verdict": "FORA-de-Dx^2 (q=2.59,R2=1.00)"
      },
      "A_sym_sigma0.12": {
        "gamma0": 4709.493192639242,
        "gamma_mean": [
          4709.493192639242,
          4715.276716244986,
          4725.249320428699,
          4742.446355628409,
          4772.1023300895195,
          4823.233493804035,
          4911.295049870334,
          5062.336439361759,
          5317.863543555243,
          5732.102407342029,
          6323.848662152496,
          6893.158189694857
        ],
        "q": 2.1420975807627505,
        "R2": 0.986971656097457,
        "rel_var": 0.4636730339622532,
        "verdict": "SOBREVIVE (Dx^2)"
      },
      "A_sym_sigma0.18": {
        "gamma0": 1274.859106073917,
        "gamma_mean": [
          1274.859106073917,
          1284.579712712358,
          1301.3241507564394,
          1330.1494072928551,
          1379.7166148145866,
          1464.7838943058275,
          1610.2598045052953,
          1857.412319971177,
          2272.02216835214,
          2949.967054104413,
          3999.571369053986,
          5436.118084889494
        ],
        "q": 2.159482702965321,
        "R2": 0.9896840150579097,
        "rel_var": 3.264093231157659,
        "verdict": "SOBREVIVE (Dx^2)"
      }
    },
    "dim4": {
      "M_BD_sigma0.08": {
        "gamma0": 379.5532528293844,
        "gamma_mean": [
          379.5532528293844,
          379.31663177862777,
          378.90442208220713,
          378.1813534172899,
          376.8992161097836,
          374.58942615189284,
          370.3417593652233,
          362.37308949860204,
          347.40635638231686,
          320.65291290561794,
          277.37635692763195,
          215.18751650171507
        ],
        "q": 2.3521161163546696,
        "R2": 0.994469557237345,
        "rel_var": 0.4330505274356179,
        "verdict": "FORA-de-Dx^2 (q=2.35,R2=0.99)"
      },
      "M_BD_sigma0.12": {
        "gamma0": 389.5151719951879,
        "gamma_mean": [
          389.5151719951879,
          389.1003605755339,
          388.38604205294513,
          387.1570247309329,
          385.0456472655536,
          381.42816310007305,
          375.2601124280674,
          364.835735782614,
          347.503852487548,
          319.5449758609434,
          276.8339647592139,
          217.44246978468178
        ],
        "q": 2.1470312375772456,
        "R2": 0.9891325784479357,
        "rel_var": 0.4417612318644983,
        "verdict": "SOBREVIVE (Dx^2)"
      },
      "M_BD_sigma0.18": {
        "gamma0": 210.68624284687752,
        "gamma_mean": [
          210.68624284687752,
          210.5035013610398,
          210.1889393036322,
          209.64808260687806,
          208.71995396872893,
          207.13261175431893,
          204.43353757790845,
          199.88959388047664,
          192.3692428832982,
          180.27999932266883,
          161.7801035349915,
          135.70222308916613
        ],
        "q": 2.141207431861934,
        "R2": 0.9890070161740007,
        "rel_var": 0.35590373032665573,
        "verdict": "SOBREVIVE (Dx^2)"
      },
      "A_sym_sigma0.08": {
        "gamma0": 1288.0419879509923,
        "gamma_mean": [
          1288.0419879509923,
          1286.341012102126,
          1283.4066626241522,
          1278.3443258195016,
          1269.6154508719603,
          1254.6011096194047,
          1228.9641487748454,
          1185.9553596745977,
          1116.2436143016503,
          1008.8156069415479,
          851.6663460924256,
          638.0391711050829
        ],
        "q": 2.122004619086955,
        "R2": 0.9869867441930745,
        "rel_var": 0.5046441210196331,
        "verdict": "SOBREVIVE (Dx^2)"
      },
      "A_sym_sigma0.12": {
        "gamma0": 931.8297865661336,
        "gamma_mean": [
          931.8297865661336,
          931.9195299296061,
          932.0727164569005,
          932.3322372164417,
          932.7659616547096,
          933.472509058749,
          934.5653461520611,
          936.0612395709246,
          937.4021697080128,
          935.6708143621054,
          919.8952378619049,
          859.000893989643
        ],
        "q": 1.9924338638929135,
        "R2": 0.9300855881823634,
        "rel_var": 0.07815686257988257,
        "verdict": "SOBREVIVE (Dx^2)"
      },