{
  "meta": {
    "dims": [
      2,
      4
    ],
    "Ns": [
      100,
      200,
      400
    ],
    "sigmas": [
      0.1,
      0.18,
      0.3
    ],
    "seeds": 8,
    "edge_frac": 0.1,
    "dx_frac": 0.6
  },
  "stage0": {
    "scale_invariance_absdiff": 6.661338147750939e-16,
    "scale_invariance_pass": true,
    "cross_frac": 0.02552192900509254,
    "cross_frac_pass": true,
    "R_representative": 0.37954355543305246,
    "goe_control_median": 1.7429819185318118,
    "goe_control_iqr": [
      1.7007696825691707,
      1.8104095081593574
    ]
  },
  "primary_BD": {
    "dim2_N100_sig0.1": {
      "R_median": 0.9317951342505505,
      "R_iqr": [
        0.9093971263829684,
        0.960682905045501
      ],
      "n": 8
    },
    "dim2_N100_sig0.18": {
      "R_median": 0.37145786159650274,
      "R_iqr": [
        0.34036905692508773,
        0.4193578164722108
      ],
      "n": 8
    },
    "dim2_N100_sig0.3": {
      "R_median": 0.16132620298279998,
      "R_iqr": [
        0.1514922643542189,
        0.17933615355481888
      ],
      "n": 8
    },
    "dim2_N200_sig0.1": {
      "R_median": 0.7676420324359284,
      "R_iqr": [
        0.7311339408492878,
        0.8538862023837316
      ],
      "n": 8
    },
    "dim2_N200_sig0.18": {
      "R_median": 0.3484270628751902,
      "R_iqr": [
        0.3367134024325973,
        0.3697646668562893
      ],
      "n": 8
    },
    "dim2_N200_sig0.3": {
      "R_median": 0.14243133256070978,
      "R_iqr": [
        0.13337679534430533,
        0.15171033961277153
      ],
      "n": 8
    },
    "dim2_N400_sig0.1": {
      "R_median": 0.6905051707938477,
      "R_iqr": [
        0.6352636357106459,
        0.723263620493832
      ],
      "n": 8
    },
    "dim2_N400_sig0.18": {
      "R_median": 0.3285322274225993,
      "R_iqr": [
        0.31467446117542663,
        0.35760116802109077
      ],
      "n": 8
    },
    "dim2_N400_sig0.3": {
      "R_median": 0.12077601434122721,
      "R_iqr": [
        0.1174161340693806,
        0.12282181730036323
      ],
      "n": 8
    },
    "dim4_N100_sig0.1": {
      "R_median": 2.4403863097595484,
      "R_iqr": [
        1.597586177523425,
        2.939645022856217
      ],
      "n": 8
    },
    "dim4_N100_sig0.18": {
      "R_median": 1.9268915150731365,
      "R_iqr": [
        1.6290431886161698,
        2.8332142862105525
      ],
      "n": 8
    },
    "dim4_N100_sig0.3": {
      "R_median": 0.6590743390518323,
      "R_iqr": [
        0.5031912720007785,
        1.1598365595474536
      ],
      "n": 8
    },
    "dim4_N200_sig0.1": {
      "R_median": 1.4995371210896877,
      "R_iqr": [
        1.2606328454159113,
        2.5247002317762366
      ],
      "n": 8
    },
    "dim4_N200_sig0.18": {
      "R_median": 1.9318997301315464,
      "R_iqr": [
        1.585781937565078,
        2.344957326062324
      ],
      "n": 8
    },
    "dim4_N200_sig0.3": {
      "R_median": 0.6450393258232823,
      "R_iqr": [
        0.501477273849057,
        0.7341997092155876
      ],
      "n": 8
    },
    "dim4_N400_sig0.1": {
      "R_median": 2.5699169904579415,
      "R_iqr": [
        2.1382737815188912,
        2.8767418893061922
      ],
      "n": 8
    },
    "dim4_N400_sig0.18": {
      "R_median": 1.4345815165371016,
      "R_iqr": [
        1.2298946887762,
        1.6098691874606188
      ],
      "n": 8
    },
    "dim4_N400_sig0.3": {
      "R_median": 0.6887161600946621,
      "R_iqr": [
        0.5955513511071417,
        0.7257810499927773
      ],
      "n": 8
    }
  },
  "secondary_A": {
    "dim2_N100_sig0.1": {
      "R_median": 131.1244459736712,
      "R_iqr": [
        126.63339757637016,
        138.24845987945284
      ],
      "n": 8
    },
    "dim2_N100_sig0.18": {
      "R_median": 153.31184702718866,
      "R_iqr": [
        128.71490783850004,
        163.6001632732363
      ],
      "n": 8
    },
    "dim2_N100_sig0.3": {
      "R_median": 127.63023117644072,
      "R_iqr": [
        116.91747495077698,
        136.41574863795753
      ],
      "n": 8
    },
    "dim2_N200_sig0.1": {
      "R_median": 452.9094737180971,
      "R_iqr": [
        434.91073249836046,
        485.4173173745162
      ],
      "n": 8
    },
    "dim2_N200_sig0.18": {
      "R_median": 510.1319060018796,
      "R_iqr": [
        446.1306818521601,
        559.6434089092058
      ],
      "n": 8
    },
    "dim2_N200_sig0.3": {
      "R_median": 412.41672311195606,
      "R_iqr": [
        397.4347889713252,
        427.2772020852408
      ],
      "n": 8
    },
    "dim2_N400_sig0.1": {
      "R_median": 1410.8844933889982,
      "R_iqr": [
        1307.5989505879174,
        1445.3368719681002
      ],
      "n": 8
    },
    "dim2_N400_sig0.18": {
      "R_median": 1739.8768691539722,
      "R_iqr": [
        1650.0497629581355,
        1844.5046340620645
      ],
      "n": 8
    },
    "dim2_N400_sig0.3": {
      "R_median": 1356.8425937018333,
      "R_iqr": [
        1249.6338128014338,
        1423.8101271478322
      ],
      "n": 8
    },
    "dim4_N100_sig0.1": {
      "R_median": 29.494321586192097,
      "R_iqr": [
        26.072114704839965,
        31.108069484699115
      ],
      "n": 8
    },
    "dim4_N100_sig0.18": {
      "R_median": 40.865658803206195,
      "R_iqr": [
        35.0698203708068,
        47.32538354292207
      ],
      "n": 8
    },
    "dim4_N100_sig0.3": {
      "R_median": 50.47140036271676,
      "R_iqr": [
        43.969423539160545,
        66.0014989976741
      ],
      "n": 8
    },
    "dim4_N200_sig0.1": {
      "R_median": 51.466306975184935,
      "R_iqr": [
        44.73294800862644,
        61.76166969759549
      ],
      "n": 8
    },
    "dim4_N200_sig0.18": {
      "R_median": 105.04504325826075,
      "R_iqr": [
        93.6403943067929,
        117.25900884758758
      ],
      "n": 8
    },
    "dim4_N200_sig0.3": {
      "R_median": 125.68178564755607,
      "R_iqr": [
        114.38472216897392,
        134.93979276162432
      ],
      "n": 8
    },
    "dim4_N400_sig0.1": {
      "R_median": 124.22417654839606,
      "R_iqr": [
        115.38332117033585,
        131.41919759449763
      ],
      "n": 8
    },
    "dim4_N400_sig0.18": {
      "R_median": 241.14011418700173,
      "R_iqr": [
        228.70962111371196,
        248.9009142556289
      ],
      "n": 8
    },
    "dim4_N400_sig0.3": {
      "R_median": 331.40064520812183,
      "R_iqr": [
        304.269330228194,
        356.9589011254718
      ],
      "n": 8
    }
  },
  "verdict": {
    "R_grand_median": 0.6896106654442549,
    "max_sigma_spread": 2.0741758646763406,
    "by_dim": {
      "2": 0.3484270628751902,
      "4": 1.4995371210896877
    },
    "by_N": {
      "100": 0.7954347366511914,
      "200": 0.7063406791296054,
      "400": 0.6896106654442549
    },
    "dim_spread": 1.245814251383105,
    "N_spread": 0.1498201566662409,
    "goe_control_median": 1.7429819185318118,
    "crit1_sigma_rides": true,
    "crit2_dimN_drift": true,
    "crit3_matches_goe": false,
    "crit4_definitional_half": false,
    "NOVELTY_DIES": true,
    "outcome": "H_nulo/H_trivial (CLASSE GRANDE selado)"
  }
}