{
  "scans": [
    {
      "label": "L3.0_rho12",
      "rho": 12.0,
      "extent": 3.0,
      "n_seeds": 16,
      "n_plaquettes": 6080,
      "reach": 5.583629154612598,
      "EB_total": 3.337444937013102,
      "EB_total_sem": 0.05895525619580128,
      "eta_q95": 1.5314035003889122,
      "eta_max": 2.330874371142026,
      "curve_eta": [
        0.1,
        0.2,
        0.30000000000000004,
        0.4,
        0.5,
        0.6,
        0.7000000000000001,
        0.8,
        0.9,
        1.0,
        1.1,
        1.2000000000000002,
        1.3000000000000003,
        1.4000000000000001,
        1.5000000000000002,
        1.6,
        1.7000000000000002,
        1.8000000000000003,
        1.9000000000000001,
        2.0
      ],
      "curve_EB": [
        NaN,
        NaN,
        24.86274052646102,
        16.24103966005064,
        10.667942514582725,
        7.967302041787012,
        6.1925374010886705,
        5.203682180128611,
        4.540429651206004,
        4.130691454305936,
        3.828023858069254,
        3.6495794641192005,
        3.51735862608522,
        3.4429258678623524,
        3.3852352717884897,
        3.361341787096004,
        3.3475386546882873,
        3.3431163214325688,
        3.3378085039349337,
        3.3371303642921197
      ],
      "bin_lo": [
        0.0,
        0.3,
        0.6,
        0.8999999999999999,
        1.2,
        1.5,
        1.7999999999999998,
        2.1
      ],
      "bin_inv_e2_minus_b2": [
        3.2441182370105417,
        2.5177681498057076,
        1.3289699019162389,
        0.5484968738539777,
        0.19235870247366635,
        0.05489266329449513,
        0.018913758313431943,
        NaN
      ],
      "bin_euc_e2_plus_b2": [
        3.5160164486525116,
        3.3536154810890766,
        2.4940174053283957,
        1.5835406437856683,
        0.9270321614081671,
        0.48710563901213816,
        0.2880643729154531,
        NaN
      ],
      "bin_n": [
        164,
        956,
        1971,
        1700,
        947,
        261,
        67,
        14
      ]
    },
    {
      "label": "L4.0_rho12",
      "rho": 12.0,
      "extent": 4.0,
      "n_seeds": 16,
      "n_plaquettes": 10343,
      "reach": 7.4448388728167965,
      "EB_total": 2.9712065497031745,
      "EB_total_sem": 0.026945172393231864,
      "eta_q95": 1.6950288625006096,
      "eta_max": 2.6025003806458162,
      "curve_eta": [
        0.1,
        0.2,
        0.30000000000000004,
        0.4,
        0.5,
        0.6,
        0.7000000000000001,
        0.8,
        0.9,
        1.0,
        1.1,
        1.2000000000000002,
        1.3000000000000003,
        1.4000000000000001,
        1.5000000000000002,
        1.6,
        1.7000000000000002,
        1.8000000000000003,
        1.9000000000000001,
        2.0
      ],
      "curve_EB": [
        NaN,
        64.13305650072589,
        30.49310971868175,
        15.537444990207065,
        10.537773900243302,
        7.65353822460193,
        5.955176379812578,
        4.894952120817404,
        4.2749851463631785,
        3.8238261416920487,
        3.5314494090570174,
        3.3240283602949896,
        3.191522402020384,
        3.10786808224762,
        3.0457237615218067,
        3.0114877847706727,
        2.9918647147274826,
        2.980834034564094,
        2.974538256951732,
        2.9709197448791445
      ],
      "bin_lo": [
        0.0,
        0.3,
        0.6,
        0.8999999999999999,
        1.2,
        1.5,
        1.7999999999999998,
        2.1,
        2.4
      ],
      "bin_inv_e2_minus_b2": [
        11.36011213216363,
        8.97331353850283,
        4.888895395920079,
        1.9083291950430892,
        0.6665601154410916,
        0.20923209762125897,
        0.06255891609334853,
        0.015572140948736428,
        NaN
      ],
      "bin_euc_e2_plus_b2": [
        12.130469157280437,
        12.034067817244127,
        9.38168635103056,
        5.751024098451283,
        3.257516812369997,
        1.7191692225087476,
        0.9180952283837819,
        0.50919730821704,
        NaN
      ],
      "bin_n": [
        174,
        1266,
        2744,
        3038,
        1965,
        835,
        253,
        55,
        13
      ]
    },
    {
      "label": "L5.0_rho12",
      "rho": 12.0,
      "extent": 5.0,
      "n_seeds": 12,
      "n_plaquettes": 8129,
      "reach": 9.306048591020996,
      "EB_total": 2.8074078587418203,
      "EB_total_sem": 0.02396024942355572,
      "eta_q95": 1.8170736083788637,
      "eta_max": 2.8806337472740045,
      "curve_eta": [
        0.1,
        0.2,
        0.30000000000000004,
        0.4,
        0.5,
        0.6,
        0.7000000000000001,
        0.8,
        0.9,
        1.0,
        1.1,
        1.2000000000000002,
        1.3000000000000003,
        1.4000000000000001,
        1.5000000000000002,
        1.6,
        1.7000000000000002,
        1.8000000000000003,
        1.9000000000000001,
        2.0
      ],
      "curve_EB": [
        NaN,
        NaN,
        24.538693575625896,
        15.751595291449442,
        9.899982331694147,
        7.4336530034536406,
        5.887590927834287,
        4.888383579190046,
        4.146719381682546,
        3.7267471562564625,
        3.4283189063832613,
        3.216286193639664,
        3.0711558377604162,
        2.968752378035871,
        2.9067486009774828,
        2.869795761456555,
        2.8453349139195803,
        2.8282296559401674,
        2.8206752585001365,
        2.8141559449178013
      ],
      "bin_lo": [
        0.0,
        0.3,
        0.6,
        0.8999999999999999,
        1.2,
        1.5,
        1.7999999999999998,
        2.1,
        2.4,
        2.6999999999999997
      ],
      "bin_inv_e2_minus_b2": [
        30.531335673217175,
        24.302264064919754,
        13.172200635822016,
        5.057685034955573,
        1.7905322258651972,
        0.5290469305541458,
        0.15898509240398856,
        0.05367598445576908,
        NaN,
        NaN
      ],
      "bin_euc_e2_plus_b2": [
        33.12547587688864,
        32.691813956161596,
        25.71266999392945,
        15.603183542246544,
        9.0439303509745,
        4.488232798242777,
        2.449306961209449,
        1.3743185715808082,
        NaN,
        NaN
      ],
      "bin_n": [
        107,
        884,
        1928,
        2237,
        1675,
        859,
        319,
        99,
        18,
        3
      ]
    },
    {
      "label": "L6.0_rho12",
      "rho": 12.0,
      "extent": 6.0,
      "n_seeds": 10,
      "n_plaquettes": 7154,
      "reach": 11.167258309225195,
      "EB_total": 2.6863180062691345,
      "EB_total_sem": 0.03175067440572142,
      "eta_q95": 1.9082983979453996,
      "eta_max": 3.1163100026066006,
      "curve_eta": [
        0.1,
        0.2,
        0.30000000000000004,
        0.4,
        0.5,
        0.6,
        0.7000000000000001,
        0.8,
        0.9,
        1.0,
        1.1,
        1.2000000000000002,
        1.3000000000000003,
        1.4000000000000001,
        1.5000000000000002,
        1.6,
        1.7000000000000002,
        1.8000000000000003,
        1.9000000000000001,
        2.0
      ],
      "curve_EB": [
        NaN,
        NaN,
        28.07060096095515,
        16.092338502276164,
        10.266418409443625,
        7.323842968013123,
        5.859930496447687,
        4.6718253016148275,
        4.0319776766674575,
        3.620526363115195,
        3.285111188686369,
        3.0853087080277466,
        2.9462978629851153,
        2.849056426748632,
        2.794780455706546,
        2.7534611375675833,
        2.727015401705393,
        2.7099652856084444,
        2.7008632186355475,
        2.6943658908119548
      ],
      "bin_lo": [
        0.0,
        0.3,
        0.6,
        0.8999999999999999,
        1.2,
        1.5,
        1.7999999999999998,
        2.1,
        2.4,
        2.6999999999999997,
        3.0
      ],