{
  "n_seeds": 20,
  "C1C2_d2": {
    "D": 2,
    "rho": 60.0,
    "extent": 5.0,
    "n_seeds_used": 20,
    "kappa": {
      "mean": -0.24060989752374487,
      "std": 0.021972639657768866,
      "sem": 0.00491323159198789
    },
    "lambda": {
      "mean": 0.4880949542658873,
      "std": 0.04442704837858801,
      "sem": 0.00993419002141946
    },
    "anisotropy_lambda_over_abskappa": {
      "mean": 2.0286201343257892,
      "std": 0.002253414728809707,
      "sem": 0.0005038788515117758
    },
    "C2_over_C1": {
      "mean": 1.0,
      "std": 0.0,
      "sem": 0.0
    },
    "C3_over_C1": {
      "mean": 2.0,
      "std": 0.0,
      "sem": 0.0
    },
    "M2_eig_min": {
      "mean": 0.22910665972657984,
      "std": 0.017276936666657562,
      "sem": 0.003863240482960493
    },
    "M2_eig_max": {
      "mean": 0.25898829453930744,
      "std": 0.03251319070965622,
      "sem": 0.007270170459220593
    },
    "all_eigenvalues_positive": true,
    "ratio_C2C1_std": 0.0,
    "ratio_C3C1_std": 0.0
  },
  "C1C2_d4": {
    "D": 4,
    "rho": 10.0,
    "extent": 4.0,
    "n_seeds_used": 20,
    "kappa": {
      "mean": -1.0029618418567008,
      "std": 0.04596179279465161,
      "sem": 0.010277369305660103
    },
    "lambda": {
      "mean": 4.391344865151044,
      "std": 0.20386161332013072,
      "sem": 0.04558484253865889
    },
    "anisotropy_lambda_over_abskappa": {
      "mean": 4.378275521660428,
      "std": 0.007517783765075901,
      "sem": 0.0016810275538854023
    },
    "C2_over_C1": {
      "mean": 1.0,
      "std": 0.0,
      "sem": 0.0
    },
    "C3_over_C1": {
      "mean": 2.0,
      "std": 0.0,
      "sem": 0.0
    },
    "M2_eig_min": {
      "mean": 0.9505038966281623,
      "std": 0.04959276207361587,
      "sem": 0.011089278718857851
    },
    "M2_eig_max": {
      "mean": 3.396518360052396,
      "std": 0.15787642816773317,
      "sem": 0.03530224254279139
    },
    "all_eigenvalues_positive": true,
    "ratio_C2C1_std": 0.0,
    "ratio_C3C1_std": 0.0
  },
  "C3_d2": {
    "D": 2,
    "rhos": [
      60,
      120,
      240,
      480
    ],
    "extent": 4.0,
    "per_rho": [
      {
        "rho": 60,
        "dtau_median_mean": 0.049517679853363666,
        "dtau_median_std": 0.0027760443854496363,
        "dtau_p05_mean": 0.012267987476096275,
        "dtau_p05_std": 0.0019770113682598344
      },
      {
        "rho": 120,
        "dtau_median_mean": 0.03348002502862975,
        "dtau_median_std": 0.0018853047456973814,
        "dtau_p05_mean": 0.008289506256410294,
        "dtau_p05_std": 0.0009446427101398092
      },
      {
        "rho": 240,
        "dtau_median_mean": 0.023115920860169396,
        "dtau_median_std": 0.0006789631950056629,
        "dtau_p05_mean": 0.005738520947618112,
        "dtau_p05_std": 0.0004722797159376856
      },
      {
        "rho": 480,
        "dtau_median_mean": 0.015780646175187873,
        "dtau_median_std": 0.000247838502101225,
        "dtau_p05_mean": 0.003929334319053904,
        "dtau_p05_std": 0.00020948005363679456
      }
    ],
    "fits": {
      "p05": {
        "X0_exponent_p": 1.091646509432915,
        "q_dtau": -0.5458232547164575,
        "r2": 0.9998521491512771,
        "X0_exponent_p_boot_mean": 1.0937120051529023,
        "X0_exponent_p_boot_std": 0.02337291035066857
      },
      "median": {
        "X0_exponent_p": 1.0967552167530776,
        "q_dtau": -0.5483776083765388,
        "r2": 0.9998957823784229,
        "X0_exponent_p_boot_mean": 1.0965587205332792,
        "X0_exponent_p_boot_std": 0.012749188710577333
      }
    },
    "theory_p_lightcone_sliver": 1.0,
    "inline_comment_claim_3plus1D_p": 0.5
  },
  "C3_d4": {
    "D": 4,
    "rhos": [
      6,
      12,
      24,
      48
    ],
    "extent": 3.5,
    "per_rho": [
      {
        "rho": 6,
        "dtau_median_mean": 0.12269592653521225,
        "dtau_median_std": 0.0114330431636718,
        "dtau_p05_mean": 0.03773855285192852,
        "dtau_p05_std": 0.007952916860406112
      },
      {
        "rho": 12,
        "dtau_median_mean": 0.08815784576308852,
        "dtau_median_std": 0.005945096401220265,
        "dtau_p05_mean": 0.024793809663026696,
        "dtau_p05_std": 0.004490441047654715
      },
      {
        "rho": 24,
        "dtau_median_mean": 0.06183179101461507,
        "dtau_median_std": 0.004262098555482968,
        "dtau_p05_mean": 0.016925762454322063,
        "dtau_p05_std": 0.002822584308140315
      },
      {
        "rho": 48,
        "dtau_median_mean": 0.043274275096278826,
        "dtau_median_std": 0.0018468872783722631,
        "dtau_p05_mean": 0.011423126019820984,
        "dtau_p05_std": 0.0011001203609300085
      }
    ],
    "fits": {
      "p05": {
        "X0_exponent_p": 1.1446007837038907,
        "q_dtau": -0.5723003918519454,
        "r2": 0.9996129637712196,
        "X0_exponent_p_boot_mean": 1.1416698586842238,
        "X0_exponent_p_boot_std": 0.047871802886616105
      },
      "median": {
        "X0_exponent_p": 1.0044515120598239,
        "q_dtau": -0.5022257560299119,
        "r2": 0.999675296679442,
        "X0_exponent_p_boot_mean": 1.0047614335432804,
        "X0_exponent_p_boot_std": 0.022590606116258617
      }
    },
    "theory_p_lightcone_sliver": 1.0,
    "inline_comment_claim_3plus1D_p": 0.5
  },
  "C4_d2": {
    "D": 2,
    "rho": 60.0,
    "extent": 5.0,
    "n_seeds_used": 20,
    "taylor_coeff_u4_exact": "-1/24 (symbolic, no error)",
    "m4_scalar_<Dtau(e.e)^2>": {
      "mean": 6.172893208320715,
      "std": 0.8498771866492169,
      "sem": 0.19003831618739256
    },
    "n_links_density": {
      "mean": 466.23199999999997,
      "std": 24.499364889727243,
      "sem": 5.478224529900175
    },
    "C_q_quartic": {
      "mean": -119.40343071210857,
      "std": 13.281468299959755,
      "sem": 2.969826595971858
    }
  },
  "C4_d4": {
    "D": 4,
    "rho": 10.0,
    "extent": 4.0,
    "n_seeds_used": 20,
    "taylor_coeff_u4_exact": "-1/24 (symbolic, no error)",
    "m4_scalar_<Dtau(e.e)^2>": {
      "mean": 89.95001355658599,
      "std": 3.5736608039594167,
      "sem": 0.7990948486179805
    },
    "n_links_density": {
      "mean": 1774.2875,
      "std": 74.34645460612093,
      "sem": 16.624372638538873
    },
    "C_q_quartic": {
      "mean": -6650.0691248724415,
      "std": 388.4220375408421,
      "sem": 86.85380799002981
    }
  },
  "timestamp_utc": "2026-06-09T17:30:15Z"
}