{
  "verdict": "C4",
  "why": "L-independent second transition but a_c2/a0=0.001 is OUTSIDE the gap (0.005,0.016).",
  "deep_mond_exponent_p": 0.35972664430240653,
  "p_ordered_L16": 0.35972664430240653,
  "h_c_L16": 0.001,
  "h_c_of_L": {
    "10": 0.003,
    "16": 0.003,
    "24": 0.01
  },
  "hc_L_exponent_q": -1.3390131033609327,
  "finite_size_cutoff": false,
  "a_c2_over_a0": 0.001,
  "in_observational_gap": false,
  "gap": [
    0.005,
    0.016
  ],
  "hs": [
    1.0,
    0.3,
    0.1,
    0.03,
    0.01,
    0.003,
    0.001
  ],
  "chi_ordered_L16": [
    0.053839805419607215,
    0.13284070254670244,
    0.2309756599243001,
    0.32910780261759665,
    0.5449320823673589,
    0.6533938483973185,
    0.6647772142769648
  ],
  "sem_ordered_L16": [
    0.003334166095786199,
    0.006243492986627414,
    0.014244558197451932,
    0.03166068364666865,
    0.06475781170741093,
    0.0981388055972824,
    0.16495847620138973
  ],
  "m_par_ordered_L16": [
    0.8039357380944093,
    0.7460861074370679,
    0.7113834233486317,
    0.6909669532799179,
    0.6755913384511796,
    0.672859655557947,
    0.6734301409177966
  ],
  "chi_disordered_L16": [
    0.14537238768345895,
    0.6344832768458597,
    1.6617124284319518,
    2.319201276762843,
    2.336091845671767,
    2.2265104541849308,
    2.479759443197697
  ],
  "exponent_disordered": 0.3531504421844728,
  "curves_L": {
    "10": [
      [
        0.05389830320402282,
        0.13245934614405,
        0.2811995084436788,
        0.4924018933170878,
        1.030340574324573,
        1.2644990662567448,
        1.1332773212207004
      ],
      [
        0.0014990626275863895,
        0.010675113416272253,
        0.05876637689895069,
        0.10404486058115824,
        0.312154863479823,
        0.42359481002639315,
        0.5977731439045151
      ]
    ],
    "16": [
      [
        0.05645294926346729,
        0.1346868028335656,
        0.23371264456120372,
        0.3272285822297571,
        0.4882917375702041,
        0.6616979470687052,
        0.5440835446093337
      ],
      [
        0.0071537250927140444,
        0.008909765581667069,
        0.02639725776358643,
        0.03770332823878917,
        0.07271566886900503,
        0.17112001511246866,
        0.11648175746621159
      ]
    ],
    "24": [
      [
        0.05008831583863278,
        0.11889284617433851,
        0.2368223201783897,
        0.33405568807176167,
        0.47745368489411605,
        0.39312275297801763,
        0.33646716961607176
      ],
      [
        0.003195573592913672,
        0.010246651689144293,
        0.03049381776426191,
        0.049125270132386496,
        0.05800121968769628,
        0.03310132009907726,
        0.04366892585306835
      ]
    ]
  },
  "config": {
    "J_ordered": 1.0,
    "J_disordered": 0.55,
    "L_scan": [
      10,
      16,
      24
    ],
    "seeds": 20,
    "n_burn": 400,
    "n_meas": 160
  },
  "runtime_s": 383.164591550827,
  "timestamp_utc": "2026-06-14T12:41:45Z"
}