{
  "gate_pass": true,
  "E1": {
    "J": [
      0.3,
      0.5,
      0.693,
      0.9,
      1.2,
      1.6
    ],
    "m_fm2": [
      0.03273052947968071,
      0.052242470314407395,
      0.30236431767310906,
      0.6349437326366875,
      0.7613259050095555,
      0.833167089251759
    ],
    "m_oc": [
      0.03358803650174172,
      0.05489330443732843,
      0.31745100328700465,
      0.6391446444506981,
      0.7609014519197621,
      0.8302673107834931
    ],
    "lifts_at_Jc": true,
    "engine_agreement": 0.01508668561389559,
    "ok": true
  },
  "E2": {
    "c_fit": 1.0137200113202696,
    "n_found": 10,
    "n_k": 10,
    "winner_quickrun": "massive",
    "ok": true,
    "k": [
      0.4487989505128276,
      0.8672533825252284,
      1.2857078145376293,
      1.7041622465500303,
      2.122616678562431,
      2.541071110574832,
      2.959525542587233,
      3.3779799745996337,
      3.796434406612035,
      4.214888838624436
    ],
    "omega_star": [
      1.6360331240452062,
      1.8481295294726907,
      1.2969437038998823,
      1.714488929189069,
      2.100626358993419,
      2.551674913471753,
      2.9090195209986494,
      3.3989899348418926,
      3.7728783676769466,
      4.147591011827264
    ]
  },
  "Jc_O3_anchor": 0.693,
  "runtime_s": 12.5924232006073,
  "timestamp_utc": "2026-06-14T12:32:29Z"
}