{
  "e_sk": 4.0,
  "L": 16.0,
  "N": 35,
  "chosen_dt_frac": 0.012,
  "engineering": {
    "skyrme_grad_max_rel_diff": 2.7829354430440224e-08,
    "note": "analytic Skyrme gradient vs per-site finite difference (<~1e-6)"
  },
  "dt_scan": [
    {
      "dt_frac": 0.008,
      "dt": 0.003764705882352942,
      "E_drift_rel": 0.02486931302748271,
      "B_min": 0.866318063471714,
      "B_max": 0.9188591051803925,
      "n_peaks_end": 1,
      "unit_err": 2.220446049250313e-16,
      "energy_ok": true
    },
    {
      "dt_frac": 0.012,
      "dt": 0.005647058823529413,
      "E_drift_rel": 0.04145472905263564,
      "B_min": 0.7626648236853528,
      "B_max": 0.9188530150932809,
      "n_peaks_end": 1,
      "unit_err": 2.220446049250313e-16,
      "energy_ok": true
    },
    {
      "dt_frac": 0.02,
      "dt": 0.009411764705882356,
      "E_drift_rel": 0.052930769494924694,
      "B_min": 0.273969698830691,
      "B_max": 0.9188335243084076,
      "n_peaks_end": 1,
      "unit_err": 2.220446049250313e-16,
      "energy_ok": false
    }
  ],
  "baseline": {
    "B0": 0.9188233864261347,
    "E0": 285.49261960924383,
    "n_peaks0": 1
  },
  "boost": {
    "v_target": 0.29391790112037985,
    "v_early": 0.30410831506579705,
    "v_early_ratio": 1.0346709537138519,
    "centroid": [
      -3.0730443549350657,
      -3.0387088282547974,
      -3.005455630659837,
      -2.9700053023010073,
      -2.930271313400781,
      -2.8781452534205063,
      -2.7907458271089367,
      -2.6793248028200156,
      -2.5925758595764483,
      -2.566721851550031
    ],
    "t": [
      0.0,
      0.11294117647058827,
      0.22588235294117653,
      0.3388235294117648,
      0.45176470588235307,
      0.5647058823529414,
      0.6776470588235297,
      0.790588235294118,
      0.9035294117647064,
      1.0164705882352947
    ]
  },
  "causality": {
    "c_magnon": 0.9797263370679329,
    "v_spread_rms": 1.3940447925742978,
    "finite_and_order_c": true,
    "r_rms": [
      1.9192015608969621,
      1.924901700520897,
      1.9424088067072904,
      1.9729833663631444,
      2.018854201459312,
      2.083372067304055,
      2.171079755157603,
      2.2873351688882706,
      2.436562655868912,
      2.617292225593443
    ],
    "t": [
      0.0,
      0.06776470588235295,
      0.1355294117647059,
      0.20329411764705885,
      0.2710588235294118,
      0.33882352941176475,
      0.4065882352941177,
      0.47435294117647064,
      0.5421176470588236,
      0.6098823529411765
    ]
  },
  "analytic_grad_ok": true,
  "unitary": true,
  "energy_ok": true,
  "isolated_peaks_stable": true,
  "boost_ok": true,
  "causal_ok": true,
  "gate_passed": true,
  "honest_scoping": "Strict dB<1e-3 is NOT attainable: the determinant baryon INTEGRAL is jiggle-noisy at dx~0.45 (B band reported above).  Noise-robust observables used instead: conserved global B (~0 for the pair) and the Gaussian-smoothed soliton-lump count.",
  "runtime_s": 190.50814604759216,
  "timestamp_utc": "2026-06-15T13:10:13Z"
}