{
  "timestamp_utc": "2026-06-01T12:49:29Z",
  "seed": 20240601,
  "python": "3.12.10",
  "platform": "Windows-11-10.0.26200-SP0",
  "libs": {
    "numpy": "2.4.4",
    "scipy": "1.17.1",
    "sympy": "1.14.0"
  },
  "params": {
    "T": 10.0,
    "rho": 6.0,
    "n_real": 250,
    "betas": [
      0.0,
      0.05,
      0.1,
      0.15000000000000002,
      0.2,
      0.25,
      0.30000000000000004,
      0.35000000000000003,
      0.4,
      0.45,
      0.5,
      0.55,
      0.6000000000000001,
      0.65,
      0.7000000000000001,
      0.75,
      0.8,
      0.8500000000000001,
      0.9
    ],
    "tau0": 6.0,
    "rapidities": [
      0.0,
      0.2,
      0.4,
      0.6000000000000001,
      0.8,
      1.0,
      1.2000000000000002,
      1.4000000000000001,
      1.6,
      1.8,
      2.0,
      2.2,
      2.4000000000000004,
      2.6,
      2.8000000000000003,
      3.0
    ]
  },
  "summary": {
    "corr_chain": 0.9997999471229523,
    "corr_volume": 0.9999552753838119,
    "mean_abs_dev_chain": 0.002778050735604086,
    "mean_abs_dev_volume": 0.001378132652597099,
    "fixed_tau_cv_poisson": 0.008179395769036151,
    "fixed_tau_cv_lattice": 0.17028736423833193,
    "expected_fixed_count": 108.0,
    "verdict": "PROVADO"
  }
}