{
  "timestamp_utc": "2026-06-01T12:49:32Z",
  "seed": 27182818,
  "python": "3.12.10",
  "platform": "Windows-11-10.0.26200-SP0",
  "libs": {
    "numpy": "2.4.4",
    "scipy": "1.17.1",
    "sympy": "1.14.0"
  },
  "params": {
    "M": 1.0,
    "rho": 4000.0,
    "n_real": 40,
    "radii": [
      3.0,
      4.0,
      6.0,
      10.0,
      20.0
    ],
    "deltas": [
      0.8,
      1.2,
      1.6,
      2.0
    ]
  },
  "summary": {
    "part1_circular_note": "sum of local dtau=sqrt(g_tt)dt -- CIRCULAR, consistency only",
    "part1_values": {
      "3.0": 0.5773502691896258,
      "4.0": 0.7071067811865476,
      "6.0": 0.816496580927726,
      "10.0": 0.8944271909999159,
      "20.0": 0.9486832980505138
    },
    "taskC_slopes": [
      0.5785654023523364,
      0.7068369712414372,
      0.8160144619901769,
      0.8937674623141487,
      0.9482453683599039
    ],
    "taskC_reference_sqrt_gtt": [
      0.5773502691896258,
      0.7071067811865476,
      0.816496580927726,
      0.8944271909999159,
      0.9486832980505138
    ],
    "taskC_corr": 0.9999963970353429,
    "taskC_max_rel_err": 0.002104672375776622,
    "verdict": "PROVADO",
    "tau_table": {
      "3.0": [
        0.46235808633568853,
        0.6941901756723441,
        0.9248580972235686,
        1.1580587204455566
      ],
      "4.0": [
        0.563792958451948,
        0.8440823419548593,
        1.1359907570046508,
        1.4127765216055934
      ],
      "6.0": [
        0.6508648093114268,
        0.975820167858812,
        1.3052394416351354,
        1.6351528980495984
      ],
      "10.0": [
        0.7167635593415725,
        1.0734814856344752,
        1.4289550377811053,
        1.7871170918549237
      ],
      "20.0": [
        0.7581309253684353,
        1.13697515364233,
        1.5167564076014317,
        1.8975774029008672
      ]
    }
  }
}