{
  "e_sk_list": [
    1.0,
    2.0,
    4.0
  ],
  "radial": [
    {
      "e_sk": 1.0,
      "E2": 72.79588894567215,
      "E4": 73.19777144003903,
      "ratio_E2_E4": 0.994509634836409,
      "mass": 145.99366038571117,
      "F0": 3.141592653589793,
      "Finf": 0.0
    },
    {
      "e_sk": 2.0,
      "E2": 103.32958058132846,
      "E4": 103.22998141525296,
      "ratio_E2_E4": 1.0009648278989303,
      "mass": 206.5595619965814,
      "F0": 3.141592653589793,
      "Finf": 0.0
    },
    {
      "e_sk": 4.0,
      "E2": 142.8839801375635,
      "E4": 149.87811455343507,
      "ratio_E2_E4": 0.9533345182736603,
      "mass": 292.76209469099854,
      "F0": 3.141592653589793,
      "Finf": 0.0
    }
  ],
  "virial_E2_eq_E4": true,
  "profile_pi_to_0": true,
  "lattice_dilation": {
    "e_sk_ref": 4.0,
    "lambda": [
      0.6,
      0.7,
      0.8,
      0.9,
      1.0,
      1.1,
      1.2000000000000002,
      1.3000000000000003,
      1.4000000000000001,
      1.5,
      1.6,
      1.7000000000000002,
      1.8
    ],
    "E_total_with_skyrme": [
      297.35653647203696,
      289.2352946919653,
      284.4928590601243,
      282.7607987333863,
      283.526000691573,
      286.4985180847393,
      292.23375427228325,
      301.4059026516928,
      314.6375479928324,
      332.529833168938,
      355.56550370215655,
      384.13071558442755,
      418.56344438747044
    ],
    "E_total_sigma_only": [
      84.42962208912667,
      98.89667485656081,
      113.32113613547286,
      127.71505582850828,
      142.0876085791756,
      156.62516520924143,
      172.27254429642505,
      190.0130429892304,
      210.7122824373832,
      235.16199638202485,
      263.99579700253565,
      297.7187200622718,
      336.7631313558405
    ],
    "lambda_min_with_skyrme": 0.9,
    "stable_with_skyrme": true,
    "collapse_without_skyrme": true,
    "B_vs_lambda": [
      0.8860265112819548,
      0.9147800205278739,
      0.934003076001611,
      0.9474405067929063,
      0.9571839086443018,
      0.9644664929461652,
      0.9700464497658552,
      0.9744137423882836,
      0.9778943007873656,
      0.9807124200795903,
      0.9830256546573094,
      0.9849469734685097,
      0.986559998924769
    ]
  },
  "mass_e_sk_1": 145.99366038571117,
  "verdict": "SIM"
}