{
  "e_sk": 4.0,
  "M_Sk": 297.16809037758964,
  "n_zero_modes": 3,
  "energy_invariance_max_rel_diff": 1.0118908978134055e-13,
  "energy_invariance_ok": true,
  "tangency_max": 0.0,
  "tangency_ok": true,
  "finite_diff_err_max": 4.981803858598049e-06,
  "fd_ok": true,
  "overlap_matrix": [
    [
      312.736557290485,
      -9.663381206337387e-16,
      2.1560531138220596e-16
    ],
    [
      -9.663381206337387e-16,
      312.736557290485,
      1.5143442055887176e-16
    ],
    [
      2.1560531138220596e-16,
      1.5143442055887176e-16,
      312.736557290485
    ]
  ],
  "diag": [
    312.736557290485,
    312.736557290485,
    312.736557290485
  ],
  "offdiag_max": 9.663381206337387e-16,
  "diag_spread": 0.0,
  "orthogonal_common_norm": true,
  "verdict": "SIM"
}