{
  "e_sk": 4.0,
  "M_Sk": 297.16809037758964,
  "inertia_tensor": [
    [
      312.736557290485,
      -9.663381206337387e-16,
      2.1560531138220596e-16
    ],
    [
      -9.663381206337387e-16,
      312.736557290485,
      1.5143442055887176e-16
    ],
    [
      2.1560531138220596e-16,
      1.5143442055887176e-16,
      312.736557290485
    ]
  ],
  "I_diag": [
    312.736557290485,
    312.736557290485,
    312.736557290485
  ],
  "I_mean": 312.736557290485,
  "diag_spread": 0.0,
  "offdiag_rel": 3.0899429507249982e-18,
  "spherical": true,
  "spectrum_E_j": {
    "j=0.0": 0.0,
    "j=0.5": 0.0011990923071129216,
    "j=1.0": 0.0031975794856344574,
    "j=1.5": 0.005995461535564607,
    "j=2.0": 0.009592738456903373
  },
  "E_half": 0.0011990923071129216,
  "verdict": "SIM"
}