{
  "a_coef": 6.0,
  "M_points": 5000,
  "transfer_lambdas_grouped": [
    94.40932953563853,
    82.83560875592534,
    66.86520926913576,
    49.32088674971046
  ],
  "E_l_over_E0": [
    -0.0,
    0.13078187171305894,
    0.3449611070488253,
    0.6492922404446532
  ],
  "l(l+2)": [
    0.0,
    3.0,
    8.0,
    15.0
  ],
  "degeneracies": [
    1,
    4,
    9,
    16
  ],
  "ratio_E2_E1": 2.637682903068438,
  "ratio_E3_E1": 4.9646960388304295,
  "law_l(l+2)_ok": true,
  "mc_gap": 0.14982005208431462,
  "transfer_gap": 0.13078187171305894,
  "mc_agrees": true,
  "spectrum_reproduced": true,
  "verdict": "SIM"
}