{
  "baseline_1_over_sqrtN": 0.021529036685967264,
  "mean_n": 2157.5,
  "models": {
    "U(1)": {
      "J": [
        0.01,
        0.02,
        0.03,
        0.05,
        0.08,
        0.13,
        0.2,
        0.35,
        0.5,
        1.0,
        2.0,
        5.0,
        10.0
      ],
      "m": [
        0.021534452214730004,
        0.026262866846394534,
        0.03420932034844273,
        0.45234507014575864,
        0.7721948929425293,
        0.881991128774656,
        0.9298280005333769,
        0.9618590803668265,
        0.9738119878038235,
        0.987168205114822,
        0.9935760787634127,
        0.9974684678884629,
        0.9987120358582237
      ],
      "chi": [
        0.280826739680662,
        0.4219551064378314,
        0.6876900846747493,
        1.497368836961692,
        0.2075146485236234,
        0.08246623894610496,
        0.02024457707360392,
        0.0058506689887368015,
        0.0025317904073286156,
        0.0006202869234873509,
        0.00021404465404777916,
        2.5915875232024322e-05,
        8.156962701239001e-06
      ],
      "C_long": [
        2.8572508933589153e-05,
        -2.2280926620379267e-05,
        8.059733508784987e-05,
        0.15626099726616602,
        0.5719380441875822,
        0.7628121407827239,
        0.8568075682812021,
        0.920580146996753,
        0.9451163622075206,
        0.9730186378753549,
        0.9862869908284801,
        0.9945900638714806,
        0.9972196564230451
      ],
      "winners": [
        "insufficient",
        "insufficient",
        "insufficient",
        "exp",
        "const",
        "const",
        "const",
        "const",
        "const",
        "const",
        "const",
        "const",
        "const"
      ],
      "Jc_chi_peak": 0.05,
      "Jc_crossover": 0.065,
      "ordering_onset_J": 0.05,
      "chi_max": 1.497368836961692,
      "lro_C_long_vs_m2": [
        {
          "J": 0.08,
          "C_long": 0.5719380441875822,
          "m2": 0.5962849526865243,
          "rel": 0.040830995968032725
        },
        {
          "J": 0.13,
          "C_long": 0.7628121407827239,
          "m2": 0.7779083512371918,
          "rel": 0.01940615553292213
        },
        {
          "J": 0.2,
          "C_long": 0.8568075682812021,
          "m2": 0.8645801105758976,
          "rel": 0.008989961947561095
        },
        {
          "J": 0.35,
          "C_long": 0.920580146996753,
          "m2": 0.9251728904841173,
          "rel": 0.004964200242574257
        },
        {
          "J": 0.5,
          "C_long": 0.9451163622075206,
          "m2": 0.948309787590434,
          "rel": 0.00336749174658172
        },
        {
          "J": 1.0,
          "C_long": 0.9730186378753549,
          "m2": 0.9745010651896192,
          "rel": 0.0015212167202463115
        },
        {
          "J": 2.0,
          "C_long": 0.9862869908284801,
          "m2": 0.9871934242908793,
          "rel": 0.0009181923624038197
        },
        {
          "J": 5.0,
          "C_long": 0.9945900638714806,
          "m2": 0.9949433444317575,
          "rel": 0.00035507605760065223
        },
        {
          "J": 10.0,
          "C_long": 0.9972196564230451,
          "m2": 0.9974257305680778,
          "rel": 0.0002066060045546853
        }
      ]
    },
    "O(3)": {
      "J": [
        0.01,
        0.02,
        0.03,
        0.05,
        0.08,
        0.13,
        0.2,
        0.35,
        0.5,
        1.0,
        2.0,
        5.0,
        10.0
      ],
      "m": [
        0.021548666657740606,
        0.023815295976213645,
        0.027168759839405192,
        0.04168537470677048,
        0.48259626470419076,
        0.7511545116407763,
        0.8546429547528562,
        0.9220113498801998,
        0.9467963626595812,
        0.9741238628180875,
        0.9870773177891129,
        0.9946939706189571,
        0.9971130757995791
      ],
      "chi": [
        0.17411571887045169,
        0.20997621160506824,
        0.27603100031492017,
        0.6331487691807987,
        0.733069304984833,
        0.13668769167306843,
        0.03804899827600353,
        0.010815789457056796,
        0.00521761844614087,
        0.001167167256675855,
        0.00035353829558692487,
        0.00014318592479111713,
        0.00013195277422544115
      ],
      "C_long": [
        0.00023755588445087977,
        0.00023635849029237938,
        0.00029634307825216735,
        8.49718550008818e-05,
        0.1832095672885797,
        0.5332589258177075,
        0.7124903522864183,
        0.838947730003169,
        0.8898112883299799,
        0.9454804286428338,
        0.9724338961701721,
        0.9882781530092645,
        0.9932700961763757
      ],
      "winners": [
        "insufficient",
        "insufficient",
        "insufficient",
        "insufficient",
        "exp",
        "const",
        "const",
        "const",
        "const",
        "const",
        "const",
        "const",
        "const"
      ],
      "Jc_chi_peak": 0.08,
      "Jc_crossover": 0.10500000000000001,
      "ordering_onset_J": 0.08,
      "chi_max": 0.733069304984833,
      "lro_C_long_vs_m2": [
        {
          "J": 0.13,
          "C_long": 0.5332589258177075,
          "m2": 0.5642331003582931,
          "rel": 0.05489606072546385
        },
        {
          "J": 0.2,
          "C_long": 0.7124903522864183,
          "m2": 0.7304145801086926,
          "rel": 0.024539800149672563
        },
        {
          "J": 0.35,
          "C_long": 0.838947730003169,
          "m2": 0.8501049293079083,
          "rel": 0.013124496659280163
        },
        {
          "J": 0.5,
          "C_long": 0.8898112883299799,
          "m2": 0.8964233523454133,
          "rel": 0.007376050610611006
        },
        {
          "J": 1.0,
          "C_long": 0.9454804286428338,
          "m2": 0.9489173001116321,
          "rel": 0.003621887248123754
        },
        {
          "J": 2.0,
          "C_long": 0.9724338961701721,
          "m2": 0.9743216312937494,
          "rel": 0.0019374866193524764
        },
        {
          "J": 5.0,
          "C_long": 0.9882781530092645,
          "m2": 0.9894160951857068,
          "rel": 0.001150114882888356
        },
        {
          "J": 10.0,
          "C_long": 0.9932700961763757,
          "m2": 0.9942344859304971,
          "rel": 0.000969982200143481
        }
      ]
    }
  },
  "source": "E1_1_correlations.json (20 seeds)"
}