{
  "step_A": {
    "U(1)": {
      "k": [
        0.2617993877991494,
        0.5235987755982988,
        0.7853981633974483,
        1.0471975511965976,
        1.308996938995747,
        1.5707963267948966,
        1.832595714594046,
        2.0943951023931953
      ],
      "S": [
        25.729854952645457,
        4.183605456165282,
        2.2509260118208942,
        1.3786839673663018,
        1.122061445106822,
        0.5780121284630252,
        0.5173968793450451,
        0.41435782075181843
      ],
      "alpha": 1.9260434096817405,
      "R2": 0.9853010238928721
    },
    "O(3)": {
      "k": [
        0.2617993877991494,
        0.5235987755982988,
        0.7853981633974483,
        1.0471975511965976,
        1.308996938995747,
        1.5707963267948966,
        1.832595714594046,
        2.0943951023931953
      ],
      "S": [
        5.834764912087767,
        2.250550696455384,
        1.295549816750426,
        0.7442051591837682,
        0.36898384274197127,
        0.2893665143930421,
        0.24816873351829566,
        0.19907046835549613
      ],
      "alpha": 1.6949662956707756,
      "R2": 0.9863820927162639
    }
  },
  "step_A_pass": true,
  "step_B": {
    "U(1)": {
      "k": [
        0.6283185307179586,
        0.6914498743679558,
        0.7609244441941727,
        0.8373795863387372,
        0.9215166853516159,
        1.0141075985555648,
        1.1160017369145416,
        1.228133857364084,
        1.3515326380889714,
        1.4873301154160927,
        1.6367720688947371,
        1.8012294498350012,
        1.9822109581474996,
        2.1813768828618434,
        2.4005543332941115,
        2.6417540005910616
      ],
      "S": [
        0.006334622211606619,
        0.0056604891465101325,
        0.005009634301708176,
        0.004570829143879219,
        0.004474151290136332,
        0.004683256944413652,
        0.004951720084689862,
        0.004955076297410106,
        0.004596400571312441,
        0.00419894625373468,
        0.004173403430628274,
        0.004375658503808766,
        0.004306499892965716,
        0.004202020038058458,
        0.004520625895100025,
        0.0045213095936853485
      ],
      "alpha": 0.2796844859392709,
      "R2": 0.6259819874161435,
      "ratio_kmin_kmax": 1.4010591578275948,
      "shape": "flat_nonlocal"
    },
    "O(3)": {
      "k": [
        0.6283185307179586,
        0.6914498743679558,
        0.7609244441941727,
        0.8373795863387372,
        0.9215166853516159,
        1.0141075985555648,
        1.1160017369145416,
        1.228133857364084,
        1.3515326380889714,
        1.4873301154160927,
        1.6367720688947371,
        1.8012294498350012,
        1.9822109581474996,
        2.1813768828618434,
        2.4005543332941115,
        2.6417540005910616
      ],
      "S": [
        0.006506907141216922,
        0.0058754279659075535,
        0.005197389681238167,
        0.004643677394270731,
        0.004361366760166816,
        0.004383648132513481,
        0.0045742628414659516,
        0.00469368087394217,
        0.0046037206619253335,
        0.004429592527130073,
        0.0043926107673677665,
        0.004422600024325469,
        0.004271139473069011,
        0.004156150980840406,
        0.004403371104907228,
        0.004530546451560701
      ],
      "alpha": 0.2835554567512318,
      "R2": 0.5732419266350555,
      "ratio_kmin_kmax": 1.4362300907378174,
      "shape": "flat_nonlocal"
    },
    "graph_stats": {
      "n": 5024.0,
      "links": 328159.1666666667,
      "avgdeg": 130.61485668966185
    }
  },
  "config_B": {
    "rho": 0.5,
    "box": [
      [
        0.0,
        10.0
      ],
      [
        0.0,
        10.0
      ],
      [
        0.0,
        10.0
      ],
      [
        0.0,
        10.0
      ]
    ],
    "J": 2.0,
    "n_seeds": 6,
    "n_k": 16
  },
  "shapes": {
    "U(1)": "flat_nonlocal",
    "O(3)": "flat_nonlocal"
  },
  "verdict_code": "C",
  "verdict": "FLAT S(k) (alpha~0): the link-coupled orientation field is NON-LOCAL / mean-field (avgdeg~130, causal-set non-locality) -- it has NO gradient (k^2) stiffness, so the naive links do NOT support a relativistic Goldstone/photon.  'photon=magnon' NOT established by the bare link action; recovering omega=ck needs the smeared causal-set d'Alembertian (Sorkin/BD, e10).",
  "runtime_s": 167.3901903629303,
  "timestamp_utc": "2026-06-13T15:31:58Z"
}