{
  "masses_eV": [
    3.7e-25,
    1e-24,
    1e-23,
    1e-22
  ],
  "f_A_GeV": [
    1000000000000000.0,
    1e+16,
    1e+17,
    1e+18
  ],
  "grid_canonical_Omega_h2": {
    "3.70e-25": [
      7.299315036357863e-07,
      7.299315036357865e-05,
      0.0072993150363578636,
      0.7299315036357864
    ],
    "1.00e-24": [
      1.2e-06,
      0.00012,
      0.011999999999999999,
      1.2
    ],
    "1.00e-23": [
      3.7947331922020555e-06,
      0.00037947331922020557,
      0.03794733192202055,
      3.794733192202055
    ],
    "1.00e-22": [
      1.2e-05,
      0.0012000000000000001,
      0.12,
      12.0
    ]
  },
  "grid_firstprinciples_Omega_h2": {
    "3.70e-25": [
      9.372076304850228e-08,
      9.37207630485023e-06,
      0.0009372076304850228,
      0.09372076304850228
    ],
    "1.00e-24": [
      1.540759853465913e-07,
      1.540759853465913e-05,
      0.001540759853465913,
      0.1540759853465913
    ],
    "1.00e-23": [
      4.872310464299563e-07,
      4.8723104642995625e-05,
      0.004872310464299563,
      0.4872310464299563
    ],
    "1.00e-22": [
      1.5407598534659127e-06,
      0.00015407598534659128,
      0.015407598534659126,
      1.540759853465913
    ]
  },
  "f_A_for_Omega012_GeV": {
    "3.70e-25": 4.054614498387698e+17,
    "1.00e-24": 3.1622776601683795e+17,
    "1.00e-23": 1.778279410038923e+17,
    "1.00e-22": 1e+17
  },
  "f_A_contour_min_GeV": 1e+17,
  "f_A_contour_max_GeV": 4.054614498387698e+17,
  "any_point_within_factor10_of_012": true,
  "paper_II_window_eV": [
    3.7e-25,
    1.2e-22
  ],
  "note": "canonical = prompt standard form; firstprinciples = entropy cross-check (O(1))"
}