{
  "k": [
    0.4,
    0.5166666666666666,
    0.6333333333333333,
    0.75,
    0.8666666666666666,
    0.9833333333333333,
    1.0999999999999999,
    1.2166666666666663,
    1.333333333333333,
    1.45
  ],
  "omega_star": [
    0.356996532218755,
    0.42327557909943025,
    0.6632276352877347,
    0.7081663963670228,
    0.8357738364415563,
    0.9761469558195821,
    1.1600306006849004,
    1.2128027615616037,
    1.2886431322144594,
    1.4385975845432701
  ],
  "sem": [
    0.04697611375610707,
    0.0567582506784971,
    0.05831103204785312,
    0.06028576680333751,
    0.06486856830837064,
    0.08484212019081959,
    0.08310782271293389,
    0.09469901500326547,
    0.10555902619840964,
    0.07754454799496006
  ],
  "fit": {
    "massless": {
      "c": 0.9797263370679329,
      "chi2": 4.594346304300515,
      "n_params": 1,
      "aic": 6.594346304300515
    },
    "diffusive": {
      "D": 0.8605119279859703,
      "chi2": 118.93582630846817,
      "n_params": 1,
      "aic": 120.93582630846817
    },
    "massive": {
      "c": 1.0102116116978872,
      "m2": -0.046789702163725744,
      "m": 0.0,
      "chi2": 3.0509921240307074,
      "n_params": 2,
      "aic": 7.050992124030707
    },
    "v_rel_slope": 0.101119687775401,
    "winner": "massless",
    "winner_aic": "massless",
    "linear_rel_deviation": 0.0446298043976034,
    "linear_rel_deviation_pct": 4.46298043976034
  },
  "c_fit": 0.9797263370679329,
  "deviation_pct": 4.46298043976034,
  "speed_dev_pct": 2.0273662932067116,
  "ndof": 10,
  "verdict_code": "A",
  "verdict": "FOTON = MAGNON BD-SMEARED: omega=ck, deviation 4.5%<10%, c=0.98~1 (light cone).",
  "source": "E2_1_propagation.json"
}