{
  "gate_A": {
    "massless": {
      "k": [
        0.45,
        0.68,
        0.9100000000000001,
        1.1400000000000001,
        1.37,
        1.6
      ],
      "omega_star": [
        0.35159817351598177,
        0.5424657534246576,
        0.7232876712328768,
        0.9141552511415526,
        1.0849315068493153,
        1.2757990867579911
      ],
      "fit": {
        "massless": {
          "c": 0.7960521973484466,
          "chi2": 5.045106853862547,
          "n_params": 1,
          "aic": 7.045106853862547
        },
        "diffusive": {
          "D": 0.5833029360706254,
          "chi2": 10241.288735076294,
          "n_params": 1,
          "aic": 10243.288735076294
        },
        "massive": {
          "c": 0.7978887288440153,
          "m2": -0.003573964690201645,
          "m": 0.0,
          "chi2": 4.045477613472071,
          "n_params": 2,
          "aic": 8.045477613472071
        },
        "v_rel_slope": 0.011195035051981814,
        "winner": "massless",
        "winner_aic": "massless",
        "linear_rel_deviation": 0.005270866849562516,
        "linear_rel_deviation_pct": 0.5270866849562515
      },
      "winner": "massless",
      "correct": true
    },
    "massive": {
      "k": [
        0.45,
        0.68,
        0.9100000000000001,
        1.1400000000000001,
        1.37,
        1.6
      ],
      "omega_star": [
        0.6328767123287672,
        0.7534246575342467,
        0.8739726027397262,
        1.0347031963470321,
        1.1853881278538814,
        1.3561643835616441
      ],
      "fit": {
        "massless": {
          "c": 0.908201777281755,
          "chi2": 3323.0013140604465,
          "n_params": 1,
          "aic": 3325.0013140604465
        },
        "diffusive": {
          "D": 0.648645484009793,
          "chi2": 27788.115320063538,
          "n_params": 1,
          "aic": 27790.115320063538
        },
        "massive": {
          "c": 0.7781256976586926,
          "m2": 0.2781651463472865,
          "m": 0.5274136387573671,
          "chi2": 6.339646990005786,
          "n_params": 2,
          "aic": 10.339646990005786
        },
        "v_rel_slope": -0.4480770283317541,
        "winner": "massive",
        "winner_aic": "massive",
        "linear_rel_deviation": 0.11774588399572569,
        "linear_rel_deviation_pct": 11.774588399572568
      },
      "winner": "massive",
      "correct": true
    },
    "diffusive": {
      "k": [
        0.45,
        0.68,
        0.9100000000000001,
        1.1400000000000001,
        1.37,
        1.6
      ],
      "omega_star": [
        0.13059360730593608,
        0.3114155251141553,
        0.5726027397260275,
        0.9041095890410961,
        1.305936073059361,
        1.7981735159817354
      ],
      "fit": {
        "massless": {
          "c": 0.8975023377391149,
          "chi2": 14855.290130714431,
          "n_params": 1,
          "aic": 14857.290130714431
        },
        "diffusive": {
          "D": 0.69841916843025,
          "chi2": 16.844986845105932,
          "n_params": 1,
          "aic": 18.844986845105932
        },
        "massive": {
          "c": 0.9532895450904338,
          "m2": -0.19675936412698175,
          "m": 0.0,
          "chi2": 7988.2759477155,
          "n_params": 2,
          "aic": 7992.2759477155
        },
        "v_rel_slope": 1.0464181159688846,
        "winner": "diffusive",
        "winner_aic": "diffusive",
        "linear_rel_deviation": 0.24589837988766622,
        "linear_rel_deviation_pct": 24.58983798876662
      },
      "winner": "diffusive",
      "correct": true
    }
  },
  "gate_A_pass": true,
  "gate_B1_instability": {
    "mean_bulk": -21.369417275176804,
    "max_abs": 1068.1707687825117,
    "unstable": true,
    "params": {
      "rho": 10.0,
      "T": 16.0,
      "X": 8.0,
      "eps": 0.2
    }
  },
  "gate_B2": {
    "rho": 30.0,
    "T": 10.0,
    "X": 16.0,
    "eps": 0.15,
    "n_seeds": 16,
    "k": [
      0.5,
      0.6285714285714286,
      0.7571428571428571,
      0.8857142857142857,
      1.0142857142857142,
      1.1428571428571428,
      1.2714285714285714,
      1.4
    ],
    "omega": [
      0.0,
      0.04,
      0.08,
      0.12,
      0.16,
      0.2,
      0.24,
      0.28,
      0.32,
      0.36,
      0.4,
      0.44,
      0.48,
      0.52,
      0.56,
      0.6,
      0.64,
      0.68,
      0.72,
      0.76,
      0.8,
      0.84,
      0.88,
      0.92,
      0.96,
      1.0,
      1.04,
      1.08,
      1.12,
      1.16,
      1.2,
      1.24,
      1.28,
      1.32,
      1.36,
      1.4000000000000001,
      1.44,
      1.48,
      1.52,
      1.56,
      1.6,
      1.6400000000000001,
      1.68,
      1.72,
      1.76,
      1.8
    ],