{
  "d2": {
    "cross_sem": 0.0,
    "EB_anisotropy_sem": NaN,
    "D": 2,
    "rho": 120.0,
    "extent": 6.0,
    "n_real": 20,
    "kappa": -0.21329117541214102,
    "n_links_density": 1064.2888888888888,
    "m4_scalar": 8.019536342045209,
    "Pi_area2_density": 654.3845917885166,
    "n_plaquettes_total": 107204,
    "EB_anisotropy_ratio": NaN,
    "mean_elecplane_area2": 1.099957837671187,
    "mean_magnplane_area2": 0.0,
    "mean_cross": 0.0,
    "C1_eq_C2": -113.50171404459631,
    "C3": -227.00342808919262,
    "C_q_quartic": -355.6293092866399,
    "C_F_per_lambda_p": 163.59614794712914,
    "coexist_case": "(a) coexist: F^2 (plaquette) and quartic (link 4th order) are disjoint sums of distinct operators; both finite & nonzero"
  },
  "d4": {
    "cross_sem": 0.008649068653001512,
    "EB_anisotropy_sem": 0.030824454575962945,
    "D": 4,
    "rho": 12.0,
    "extent": 4.0,
    "n_real": 12,
    "kappa": -0.9555270033638985,
    "n_links_density": 2364.0989583333335,
    "m4_scalar": 85.34756841903861,
    "Pi_area2_density": 272.27278562313523,
    "n_plaquettes_total": 7840,
    "EB_anisotropy_ratio": 2.9702445543220133,
    "mean_elecplane_area2": 1.6631994803223762,
    "mean_magnplane_area2": 0.5604037914376837,
    "mean_cross": 0.013131309779135432,
    "C1_eq_C2": -1129.4801966559821,
    "C3": -2258.9603933119643,
    "C_q_quartic": -8407.087399822169,
    "C_F_per_lambda_p": 68.06819640578381,
    "coexist_case": "(a) coexist: F^2 (plaquette) and quartic (link 4th order) are disjoint sums of distinct operators; both finite & nonzero"
  },
  "timestamp_utc": "2026-06-06T16:39:42Z"
}