{
  "n_seeds": 20,
  "grid": [
    25,
    20,
    20
  ],
  "V": 0.0,
  "rows": [
    {
      "rho_sprinkle": 2.0,
      "abs_mean": 1.0,
      "abs_std": 0.25000770375972275,
      "centers": [
        1.0,
        2.0,
        3.0,
        4.0,
        5.0,
        6.0,
        7.0,
        8.0,
        9.0
      ],
      "C_magnitude_connected": [
        0.004789988208758368,
        0.003933107532004857,
        -0.0010383933699195298,
        0.00045148890231523213,
        0.000848958508498637,
        -0.0005164347675898424,
        0.0023208689641160073,
        -0.00210896274707103,
        0.0007322109711041134
      ],
      "C_full_hot_abs": [
        0.059994122429710105,
        0.01981998821666722,
        0.018615310306852265,
        0.011150312599653303,
        0.008462227084996379,
        0.009394452978811117,
        0.006532019297351438,
        0.006768811078627318,
        0.006000783838534928
      ],
      "C_full_relaxed_abs": [
        0.023567637374695256,
        0.005253813532761073,
        0.004883692324877482,
        0.005113900603176147,
        0.002089320163786402,
        0.002762429458932029,
        0.0020845388320983793,
        0.0017521218454149585,
        0.0015045594346300892
      ],
      "magnitude_decay": "decays (finite correlation length)",
      "magnitude_xi": 5.457701255024848,
      "relaxed_full_decay": "decays (finite correlation length)",
      "relaxed_full_xi": 3.610447813411278
    },
    {
      "rho_sprinkle": 4.0,
      "abs_mean": 1.0,
      "abs_std": 0.17667030518345972,
      "centers": [
        1.0,
        2.0,
        3.0,
        4.0,
        5.0,
        6.0,
        7.0,
        8.0,
        9.0
      ],
      "C_magnitude_connected": [
        0.013674363420301205,
        -0.0009667935658430124,
        0.0017278580304206145,
        0.0011175347001412211,
        -0.0018259578511839257,
        0.0019084280040158128,
        -0.001822625628897738,
        0.0012197055885167655,
        -0.0005978192645678911
      ],
      "C_full_hot_abs": [
        0.05900091131748349,
        0.018197747326190315,
        0.0162131916995756,
        0.014924156748078815,
        0.0079807719176125,
        0.008135090404060803,
        0.006678239446711946,
        0.00602830514500957,
        0.00556750194280748
      ],
      "C_full_relaxed_abs": [
        0.025024711392652603,
        0.005602824088339905,
        0.005481618912144624,
        0.004064950135222449,
        0.0019018697761392354,
        0.003096629199300494,
        0.00180678581158418,
        0.0019759517530724825,
        0.0014778535832419566
      ],
      "magnitude_decay": "decays (finite correlation length)",
      "magnitude_xi": 3.67119147608869,
      "relaxed_full_decay": "decays (finite correlation length)",
      "relaxed_full_xi": 3.5428447209898573
    },
    {
      "rho_sprinkle": 8.0,
      "abs_mean": 1.0,
      "abs_std": 0.1252041942125345,
      "centers": [
        1.0,
        2.0,
        3.0,
        4.0,
        5.0,
        6.0,
        7.0,
        8.0,
        9.0
      ],
      "C_magnitude_connected": [
        -0.011131953813027793,
        -0.006221671459070955,
        -0.002055595997114135,
        -0.002828716085253327,
        -4.823248924643456e-05,
        -0.0016068649959133311,
        -0.001024381549992997,
        7.35429087632659e-05,
        -0.0006719650791438354
      ],
      "C_full_hot_abs": [
        0.059665454489891266,
        0.021433316818508928,
        0.013226116475562147,
        0.010022888857872597,
        0.008628116388407336,
        0.009289414282329878,
        0.006533421620317904,
        0.007036499440132721,
        0.004345414205641835
      ],
      "C_full_relaxed_abs": [
        0.020056580593042495,
        0.005186128301304886,
        0.004967211241155288,
        0.0042316186160341,
        0.002689683394187205,
        0.0029265478870772175,
        0.0017802310259314048,
        0.001810696146610042,
        0.0015636424127758424
      ],
      "magnitude_decay": "decays",
      "magnitude_xi": NaN,
      "relaxed_full_decay": "decays (finite correlation length)",
      "relaxed_full_xi": 3.8013232510843746
    },
    {
      "rho_sprinkle": 16.0,
      "abs_mean": 1.0,
      "abs_std": 0.08838516271349078,
      "centers": [
        1.0,
        2.0,
        3.0,
        4.0,
        5.0,
        6.0,
        7.0,
        8.0,
        9.0
      ],
      "C_magnitude_connected": [
        -0.002623520136363677,
        0.002260357514244886,
        0.0056967327789563945,
        0.004499781257478642,
        -0.0007395788495310825,
        0.002265354619464033,
        -0.0028533041698181874,
        7.299433904754006e-05,
        0.002262955961650925
      ],
      "C_full_hot_abs": [
        0.055448566045416814,
        0.01812119435298626,
        0.014333220419769047,
        0.012296997156961812,
        0.007720651975884918,
        0.008472650376339591,
        0.005859885742440476,
        0.005487092990838506,
        0.005220685122452823
      ],
      "C_full_relaxed_abs": [
        0.020024005628145936,
        0.005137067691521625,
        0.00483461962872494,
        0.004301606990478752,
        0.0022706093254497113,
        0.003101486260662239,
        0.0016395140247492182,
        0.0018668084987479173,
        0.001527024321732191
      ],
      "magnitude_decay": "decays (finite correlation length)",
      "magnitude_xi": 3.217825375289303,
      "relaxed_full_decay": "decays (finite correlation length)",
      "relaxed_full_xi": 3.7924008543153147
    }
  ],
  "spontaneous_magnitude_condensate": false,
  "timestamp_utc": "2026-06-09T21:48:41Z"
}