{
  "n_seeds": 20,
  "grid": [
    33,
    28,
    28
  ],
  "V": 0.0,
  "gauge_holonomy_winding_planes": {
    "xy": 1.9790118017995217e-15,
    "xz": 0.0,
    "yz": 0.0
  },
  "arg_winding_mean": 7.067899292141147e-17,
  "arg_winding_std": 0.0,
  "arg_winding_after_evolution": 7.067899292141147e-17,
  "abs_profile_centers": [
    0.5,
    1.5,
    2.5,
    3.5,
    4.5,
    5.5,
    6.5,
    7.5,
    8.5,
    9.5
  ],
  "abs_profile_mean": [
    1.0029565895885988,
    1.000780978961679,
    0.999834435648047,
    0.999497845399843,
    0.9993343825849241,
    0.9986734592497626,
    1.0000330676551918,
    0.999258416596666,
    1.0000558913240065,
    1.0000871047885904
  ],
  "abs_profile_std": [
    0.01262163294552827,
    0.00845968091557755,
    0.00605453909176328,
    0.0038887044484657704,
    0.004748187997138537,
    0.003154269202977335,
    0.003885010541827384,
    0.002869143994372178,
    0.0043846102842561435,
    0.0035788802043795714
  ],
  "core_dip_depth_mean": -0.0031721689016127852,
  "core_dip_depth_std": 0.013633285677177451,
  "sigma_core_undefined_frac": 1.0,
  "magnitude_core_dips": false,
  "rho_mean_global": 1.0,
  "timestamp_utc": "2026-06-09T22:04:02Z"
}