{
  "gate_pass": true,
  "E1": {
    "J": [
      0.4,
      0.693,
      1.2
    ],
    "m": [
      0.04409891079648684,
      0.2413617953985213,
      0.7610973176812302
    ],
    "ok": true
  },
  "E3b_freezing": {
    "B0": 0.9999999999983231,
    "Bf": 0.9999999999992031,
    "ok": true
  },
  "kibble_sanity": {
    "n_def_fast": 20.25,
    "n_def_slow": 4.75,
    "ok": true
  },
  "runtime_s": 1.9324705600738525,
  "timestamp_utc": "2026-06-14T13:45:18Z"
}