{"summary": {"L": 16, "n_seeds": 1, "chi_max_mean": 18.492335556398416, "U4_at_chi_max_mean": 0.625424797910423, "Jc_mean": 2.732727272727273, "dip_depth_mean": 0.8666666666666685, "min_swap_rate_min": 0.09166666666666666, "up_crossings_min": 0}, "args": {"L": 16, "jlo": 2.66, "jhi": 2.82, "R": 12, "burn": 400, "meas": 1200, "swap_every": 5, "meas_every": 5, "warmup": 200, "seeds": "7", "out": "docs/campaigns/SU3_ORDEM_L32/cal_l16.json", "no_bsamples": true}, "runs": [{"L": 16, "N": 4096, "n_edges": 12288, "seed": 7, "ladder": [2.66, 2.674545454545455, 2.689090909090909, 2.7036363636363636, 2.7181818181818183, 2.732727272727273, 2.747272727272727, 2.7618181818181817, 2.7763636363636364, 2.790909090909091, 2.805454545454545, 2.82], "n_burn": 400, "n_meas": 1200, "n_samp": 240, "swap_every": 5, "meas_every": 5, "block": 1, "mean_m": [0.0869414783626452, 0.09946455973550124, 0.17503161760783084, 0.21051817108558488, 0.24216656483661142, 0.31906832105186017, 0.34035869641532435, 0.3601336587677607, 0.3715695287836682, 0.3777563540475651, 0.395619501722083, 0.4270604347965158], "chi": [1.40645755941798, 4.826830493101248, 12.615431683538333, 13.716161681171627, 10.202440219112248, 18.492335556398416, 13.218502447292906, 15.510968517249239, 11.737357524366075, 12.718510226573699, 9.884413980436307, 1.326511605341011], "U4": [0.6068105896963567, 0.4332379505437779, 0.5629789083283363, 0.5760439106751786, 0.6200458036981472, 0.625424797910423, 0.6372240655688344, 0.6369688857623129, 0.6440477563250759, 0.6428113996192265, 0.6499609353947784, 0.664410737862694], "mean_b": [0.2542904435882764, 0.26156846177391513, 0.28571333942291227, 0.2989578804174408, 0.31076789270052385, 0.3423958775977277, 0.3514002319305964, 0.36075571925038474, 0.36760399684883704, 0.3724633952209341, 0.3819668043452143, 0.39413176724287824], "var_b": [2.5479408427245276e-05, 0.00011128231615424589, 0.0002190052838435541, 0.00030792038686926204, 0.00020226958432419118, 0.0004502502613469017, 0.0003894848789707944, 0.0003986807502986689, 0.0003163124731389577, 0.0002975110209283982, 0.00022757716532995076, 3.0636719933752055e-05], "Cv_like": [2.2153064726669314, 9.78154202927556, 19.460176041771867, 27.657709100716914, 18.36406371844267, 41.316902799004694, 36.12229657838025, 37.367723291601095, 29.96057993574128, 28.475780826997823, 22.00981334061284, 2.993792429275175], "swap_rate": [0.43333333333333335, 0.16666666666666666, 0.25, 0.2833333333333333, 0.09166666666666666, 0.4, 0.325, 0.4083333333333333, 0.49166666666666664, 0.24166666666666667, 0.35], "up_crossings": 0, "burn_time_s": 64.76425075531006, "meas_time_s": 192.8057882785797, "analysis": {"chi_max": 18.492335556398416, "J_at_chi_max": 2.732727272727273, "U4_at_chi_max": 0.625424797910423, "kstar": 5, "min_swap_rate": 0.09166666666666666, "up_crossings": 0, "dip_depth_by_J": {"2.7182": 0.4137931034482726, "2.7327": 0.8666666666666685, "2.7473": 0.7272727272727273}, "dip_depth_at_chi_max": 0.8666666666666685}}]}