{"summary": {"L": 16, "n_seeds": 1, "chi_max_mean": 21.238616701742984, "U4_at_chi_max_mean": 0.562941693514477, "Jc_mean": 2.681470588235294, "dip_depth_mean": 0.34357541899441135, "min_swap_rate_min": 0.4984, "up_crossings_min": 0}, "args": {"L": 16, "jlo": 2.655, "jhi": 2.745, "R": 18, "burn": 1200, "meas": 5000, "swap_every": 2, "meas_every": 4, "warmup": 300, "seeds": "7", "out": "docs/campaigns/SU3_ORDEM_L32/gate_l16.json", "no_bsamples": true}, "runs": [{"L": 16, "N": 4096, "n_edges": 12288, "seed": 7, "ladder": [2.655, 2.6602941176470587, 2.6655882352941176, 2.6708823529411765, 2.6761764705882354, 2.681470588235294, 2.6867647058823527, 2.6920588235294116, 2.6973529411764705, 2.7026470588235294, 2.7079411764705883, 2.713235294117647, 2.718529411764706, 2.7238235294117645, 2.7291176470588234, 2.7344117647058823, 2.739705882352941, 2.745], "n_burn": 1200, "n_meas": 5000, "n_samp": 1250, "swap_every": 2, "meas_every": 4, "block": 1, "mean_m": [0.08975288183759068, 0.09785238459357294, 0.10950341608351907, 0.1413736561273756, 0.17382940718967127, 0.2198665419914906, 0.253514275634309, 0.29420706417149917, 0.3100913133073353, 0.31939614809679917, 0.32922480736444915, 0.3379835824389709, 0.3477296151466579, 0.35528287782136925, 0.3619283539466202, 0.36821741838273114, 0.37369140944454937, 0.37876998247205845], "chi": [2.0047573661476505, 2.598741876755973, 4.555864179988532, 9.776196046155192, 14.257223539448063, 21.238616701742984, 18.52111425369725, 5.04401720088066, 2.488688480347662, 1.8425031700437557, 1.7355734354916876, 1.653145819385486, 1.5490235454228127, 1.4801778166761324, 1.2840494720786637, 1.0514934441288233, 0.9104710085666738, 0.7991670070977079], "U4": [0.5745364312906835, 0.5679636146034343, 0.5153029701285055, 0.5089764599540156, 0.5253335824399844, 0.562941693514477, 0.6040303420838354, 0.6519696114553442, 0.6590417220959437, 0.6609629573178883, 0.6615158165243041, 0.6620247138086207, 0.6625571815350126, 0.6629464331271238, 0.6635631085378837, 0.6642033617147958, 0.6645906724214793, 0.6648908682127177], "mean_b": [0.25427294945219203, 0.25733203706985824, 0.2611777040625704, 0.27048812070866307, 0.28048349760984514, 0.2945245215439445, 0.30618117719891064, 0.31959806529247287, 0.3260991513604099, 0.3300644103695993, 0.33474022150133, 0.338951261225445, 0.34371827008052935, 0.3474746993427075, 0.3509625461662208, 0.35440408403594287, 0.35740546177965454, 0.36032405581331806], "var_b": [4.160232648889317e-05, 5.074392421725027e-05, 8.221927007355523e-05, 0.00016454912144168998, 0.00025748043014255095, 0.00041052639152899806, 0.00038103304276723704, 0.00013039101377367024, 8.008450594959582e-05, 6.771702182280237e-05, 6.677325486754981e-05, 6.545800595628148e-05, 6.410684708330061e-05, 6.248737007033545e-05, 5.55013251052755e-05, 4.800677165398004e-05, 4.447048115055474e-05, 3.899155396469567e-05], "Cv_like": [3.603527755510212, 4.41290482357746, 7.178619684145755, 14.424019067260529, 22.65974011615914, 36.271737523128294, 33.79894238545496, 11.6117574413373, 7.159871965207302, 6.077958373203832, 6.016753252032235, 5.92132487685309, 5.821751885706855, 5.6968053909782155, 5.0795948026899795, 4.410740751472023, 4.10167188087841, 3.6102430791208677], "swap_rate": [0.7536, 0.7552, 0.5832, 0.5776, 0.4984, 0.5512, 0.5368, 0.656, 0.7192, 0.6952, 0.7088, 0.6808, 0.72, 0.7464, 0.752, 0.7608, 0.7608], "up_crossings": 0, "burn_time_s": 275.81484484672546, "meas_time_s": 1197.6889536380768, "analysis": {"chi_max": 21.238616701742984, "J_at_chi_max": 2.681470588235294, "U4_at_chi_max": 0.562941693514477, "kstar": 5, "min_swap_rate": 0.4984, "up_crossings": 0, "dip_depth_by_J": {"2.6762": 0.0, "2.6815": 0.34357541899441135, "2.6868": 0.40000000000000013}, "dip_depth_at_chi_max": 0.34357541899441135}}]}