{"summary": {"L": 32, "n_seeds": 1, "chi_max_mean": 15.575071613131414, "U4_at_chi_max_mean": 0.47120965818871163, "Jc_mean": 2.7494736842105265, "dip_depth_mean": 0.0, "min_swap_rate_min": 0.32, "up_crossings_min": 0}, "args": {"L": 32, "jlo": 2.72, "jhi": 2.8, "R": 20, "burn": 100, "meas": 300, "swap_every": 2, "meas_every": 5, "warmup": 150, "seeds": "7", "out": "docs/campaigns/SU3_ORDEM_L32/probe_l32.json", "no_bsamples": true}, "runs": [{"L": 32, "N": 32768, "n_edges": 98304, "seed": 7, "ladder": [2.72, 2.72421052631579, 2.728421052631579, 2.7326315789473687, 2.736842105263158, 2.7410526315789476, 2.745263157894737, 2.7494736842105265, 2.7536842105263157, 2.7578947368421054, 2.7621052631578946, 2.7663157894736843, 2.7705263157894735, 2.774736842105263, 2.7789473684210524, 2.783157894736842, 2.7873684210526313, 2.791578947368421, 2.79578947368421, 2.8], "n_burn": 100, "n_meas": 300, "n_samp": 60, "swap_every": 2, "meas_every": 5, "block": 1, "mean_m": [0.039501751771157695, 0.040758714193854455, 0.038420728161597154, 0.03789514805707667, 0.03908912639073188, 0.04841332182709014, 0.05232411479343142, 0.05615612904179162, 0.050753569584944744, 0.04786801521809209, 0.05426573612226104, 0.04994704072903453, 0.05706262363001536, 0.05291268381654115, 0.05465179410378434, 0.05572312386997326, 0.05476604053276665, 0.05843848001672796, 0.060865897192158354, 0.06090549901010498], "chi": [0.8727560226917035, 1.409477366709389, 1.3157718292854028, 1.5896076255279752, 1.9854491608842721, 4.822658936392713, 9.59305308085652, 15.575071613131414, 8.08137429183735, 5.761070298951935, 6.242962883088481, 5.630497482924454, 14.289940702365755, 7.057734341538676, 6.647853557994111, 5.3063237383854585, 6.130666816264878, 4.928484286448494, 4.10585507900322, 3.8103306973124234], "U4": [0.6431549256664878, 0.6356478362999178, 0.6312605838977705, 0.616897167630591, 0.6077263913734435, 0.5807753455643583, 0.4976131175654338, 0.47120965818871163, 0.525045144717686, 0.5525069837022238, 0.58573330147716, 0.5578406600589979, 0.47689557343444167, 0.5420611392806196, 0.5739998865905986, 0.6055843115600472, 0.5979913470691509, 0.6144767166139117, 0.6275209830952276, 0.6259980492876503], "mean_b": [0.2774354170077002, 0.27964045148233546, 0.28249917132556046, 0.2837468853694563, 0.28537916004087965, 0.28866659105227677, 0.29034275323234693, 0.2925482901020995, 0.2958657784101511, 0.2975575296279192, 0.2992177099146284, 0.30111068493475196, 0.30416411023539985, 0.3064313468733418, 0.3100110597180092, 0.3122721507188299, 0.3142966157861987, 0.31652866819548114, 0.318253460427358, 0.32037138591555686], "var_b": [7.868681880338069e-06, 9.176153737230908e-06, 1.3842047430823179e-05, 1.8154299897654713e-05, 1.9165142282770442e-05, 2.6081815786629936e-05, 3.117596405259604e-05, 3.392835528549798e-05, 2.8449235414951257e-05, 3.7358727837194516e-05, 3.565019970190597e-05, 2.8068138901868322e-05, 4.789342219901904e-05, 5.3827757226468376e-05, 6.070452030308704e-05, 5.8727202616709606e-05, 5.4491374284273975e-05, 8.3231638155018e-05, 8.597465380309754e-05, 9.416714727325526e-05], "Cv_like": [5.722831849733473, 6.694423826142814, 10.129646890550394, 13.326400492769237, 14.111810075885373, 19.26387990473896, 23.097184592684748, 25.213499728033668, 21.206551789026356, 27.933068133238432, 26.737057343346407, 21.114865431943482, 36.13862457449209, 40.74000480965177, 46.08428613112563, 44.718393693629224, 41.61862249202774, 63.76163736978511, 66.06182332992375, 72.57493680511266], "swap_rate": [0.4666666666666667, 0.41333333333333333, 0.5333333333333333, 0.6, 0.32, 0.6266666666666667, 0.4666666666666667, 0.4533333333333333, 0.52, 0.6, 0.4533333333333333, 0.4, 0.5466666666666666, 0.3466666666666667, 0.48, 0.5466666666666666, 0.5066666666666667, 0.5866666666666667, 0.5066666666666667], "up_crossings": 0, "burn_time_s": 242.62853479385376, "meas_time_s": 746.0642960071564, "analysis": {"chi_max": 15.575071613131414, "J_at_chi_max": 2.7494736842105265, "U4_at_chi_max": 0.47120965818871163, "kstar": 7, "min_swap_rate": 0.32, "up_crossings": 0, "dip_depth_by_J": {"2.7453": 0.0, "2.7495": 0.0, "2.7537": 0.0}, "dip_depth_at_chi_max": 0.0}}]}