{
  "grid": [
    29,
    24,
    24
  ],
  "J0_max_dev": {
    "0.5": 0.0,
    "1.0": 0.0,
    "2.0": 0.0,
    "5.0": 0.0,
    "10.0": 0.0,
    "20.0": 0.0
  },
  "J0_uniform_preserved": true,
  "point_source": {
    "centers": [
      1.5,
      2.5,
      3.5,
      4.5,
      5.5,
      6.5,
      7.5
    ],
    "abs_drho": [
      1.998966856743863,
      0.9983180892937962,
      0.5921995544046813,
      0.3775290138044684,
      0.2448991045214773,
      0.16040644975224153,
      0.0994776710873654
    ],
    "inv_r_fit_A": 3.5990471721107133,
    "inv_r_fit_r2": 0.9992130078328204,
    "recovers_inv_r": true
  },
  "collision": {
    "tau_vortex_mean": 3.9200000000000137,
    "tau_vortex_std": 0.5916079783099638,
    "plateau_mean": 0.8633346410954934,
    "winding_final_mean": 0.7999999999999994,
    "series_t": [
      0.02000000000000007,
      0.4200000000000015,
      0.8200000000000028,
      1.2200000000000042,
      1.6200000000000057,
      2.020000000000007,
      2.4200000000000084,
      2.82000000000001,
      3.2200000000000113,
      3.6200000000000125,
      4.020000000000014,
      4.420000000000015,
      4.820000000000017,
      5.220000000000018,
      5.62000000000002,
      6.020000000000021,
      6.420000000000022,
      6.820000000000023,
      7.2200000000000255,
      7.620000000000027,
      8.020000000000028,
      8.42000000000003,
      8.82000000000003,
      9.220000000000033,
      9.620000000000033,
      10.020000000000035,
      10.420000000000037,
      10.820000000000038,
      11.22000000000004,
      11.62000000000004,
      12.020000000000042,
      12.420000000000043,
      12.820000000000045,
      13.220000000000047,
      13.620000000000047,
      14.02000000000005,
      14.42000000000005,
      14.820000000000052,
      15.220000000000054,
      15.620000000000054
    ],
    "series_a_center": [
      1.7476912308991996,
      0.9404873670834663,
      0.7715960974592855,
      0.8627973246700832,
      0.811291242491386,
      0.7893716558206708,
      1.069022281477639,
      1.10369871545736,
      0.9779796277160366,
      0.9564665724834112,
      0.8885048000423833,
      0.9930615950664878,
      1.0599026923949688,
      0.9851161989878576,
      0.9409601204271609,
      0.9710566753627966,
      0.9478448510624014,
      0.946472019038713,
      0.9654351105090717,
      0.9332309412216256,
      0.9250826762785894,
      0.9348094280032414,
      0.9371209438097121,
      0.9180800508877567,
      0.9011320144505777,
      0.8766938109260849,
      0.8977571515596982,
      0.8826140643123651,
      0.8500192813122894,
      0.8387045322017668,
      0.8569781013421259,
      0.9046397378935311,
      0.8585061325955229,
      0.8579197932162442,
      0.8445637760530539,
      0.8244509666726285,
      0.8387669119950559,
      0.8640881560066778,
      0.8477631736176081,
      0.841775533591411
    ],
    "series_winding": [
      1.90833280887811e-15,
      2.1203697876423446e-15,
      1.90833280887811e-15,
      7.067899292141149e-17,
      3.5339496460705744e-16,
      2.473764752249402e-15,
      1.2015428796639952e-15,
      8.481479150569378e-16,
      4.099381589441866e-15,
      3.3219126673063397e-15,
      1.000000000000001,
      0.9999999999999997,
      1.0000000000000022,
      2.9999999999999996,
      2.999999999999998,
      2.0000000000000013,
      1.0000000000000033,
      1.9999999999999998,
      5.3716034620272725e-15,
      1.9999999999999993,
      3.0000000000000058,
      1.0000000000000033,
      3.0000000000000036,
      0.9999999999999972,
      3.9999999999999964,
      6.999999999999997,
      12.000000000000002,
      5.000000000000001,
      4.999999999999999,
      5.000000000000009,
      3.000000000000002,
      2.0000000000000058,
      1.0000000000000038,
      4.000000000000001,
      0.9999999999999972,
      3.9999999999999987,
      6.000000000000001,
      4.999999999999995,
      3.000000000000002,
      0.999999999999996
    ],
    "winding_created": true
  },
  "timestamp_utc": "2026-06-09T23:23:50Z"
}