{
  "a_sign_theorem": {
    "n_trials": 20000,
    "sup_net_quartic": -1.6673991113692646e-13,
    "sup_net_quartic_over_S": -1.5597298207272413e-08,
    "hedgehog_quartic_per_g4_max": -0.002604166666666663,
    "hedgehog_quartic_per_g4_min": -0.0026041666666666696,
    "hedgehog_measure_invariant": true,
    "expected_hedgehog_value": -0.0026041666666666665
  },
  "b_curvature": {
    "50.0": {
      "R_values": [
        -0.2558316769866222,
        -0.1279158384933111,
        -0.06395791924665555,
        0.06395791924665555,
        0.1279158384933111,
        0.2558316769866222
      ],
      "f_R": [
        0.9986185158162505,
        0.9993084477883014,
        0.9996540209048748,
        1.0003463859964334,
        1.0006931798202408,
        1.0013879946709052
      ],
      "kappa_fit": 0.03827349855347835,
      "tau4_flat": 0.1527887423214452
    },
    "200.0": {
      "R_values": [
        -0.5116633539732444,
        -0.2558316769866222,
        -0.1279158384933111,
        0.1279158384933111,
        0.2558316769866222,
        0.5116633539732444
      ],
      "f_R": [
        0.998618515816251,
        0.9993084477883017,
        0.9996540209048749,
        1.0003463859964332,
        1.0006931798202416,
        1.0013879946709048
      ],
      "kappa_fit": 0.03827349855346989,
      "tau4_flat": 0.03819718558036146
    },
    "1000.0": {
      "R_values": [
        -1.144114041079711,
        -0.5720570205398555,
        -0.28602851026992776,
        0.28602851026992776,
        0.5720570205398555,
        1.144114041079711
      ],
      "f_R": [
        0.9986185158162513,
        0.9993084477883026,
        0.9996540209048741,
        1.0003463859964343,
        1.0006931798202412,
        1.0013879946709054
      ],
      "kappa_fit": 0.03827349855347253,
      "tau4_flat": 0.0076394371160723494
    },
    "5000.0": {
      "R_values": [
        -2.5583167698662215,
        -1.2791583849331107,
        -0.6395791924665554,
        0.6395791924665554,
        1.2791583849331107,
        2.5583167698662215
      ],
      "f_R": [
        0.9986185158162515,
        0.9993084477883017,
        0.9996540209048745,
        1.0003463859964334,
        1.000693179820241,
        1.0013879946709048
      ],
      "kappa_fit": 0.03827349855346316,
      "tau4_flat": 0.0015278874232144875
    }
  },
  "b_kappa_summary": {
    "kappa_mean": 0.03827349855347098,
    "kappa_std": 5.455258256911243e-15,
    "sign": "positive (R>0 lengthens links)"
  },
  "c_anisotropy": [
    {
      "kappa_a": -5.0,
      "cS_eff": -0.000492387209964818,
      "cK_eff": 0.0003045620782626941,
      "ratio_cK_over_minus_cS": 0.6185418144481365,
      "sup_net_quartic_over_S": -7.594907140345609e-05
    },
    {
      "kappa_a": -2.0,
      "cS_eff": -0.0005143421938978679,
      "cK_eff": 0.000337494554162276,
      "ratio_cK_over_minus_cS": 0.6561673496094542,
      "sup_net_quartic_over_S": -0.00021734202069436542
    },
    {
      "kappa_a": -1.0,
      "cS_eff": -0.0005207175813849957,
      "cK_eff": 0.00034705763539296975,
      "ratio_cK_over_minus_cS": 0.6664987851377552,
      "sup_net_quartic_over_S": -0.0002705764323072777
    },
    {
      "kappa_a": 0.0,
      "cS_eff": -0.0005236558282191539,
      "cK_eff": 0.0003514650056442071,
      "ratio_cK_over_minus_cS": 0.6711755827094821,
      "sup_net_quartic_over_S": -0.000294560074004116
    },
    {
      "kappa_a": 1.0,
      "cS_eff": -0.0005207477635497805,
      "cK_eff": 0.0003471029086401446,
      "ratio_cK_over_minus_cS": 0.6665470942669993,
      "sup_net_quartic_over_S": -0.0002699443208746939
    },
    {
      "kappa_a": 2.0,
      "cS_eff": -0.0005108079496866437,
      "cK_eff": 0.00033219318784543446,
      "ratio_cK_over_minus_cS": 0.6503289309597063,
      "sup_net_quartic_over_S": -0.000216029620511705
    },
    {
      "kappa_a": 5.0,
      "cS_eff": -0.0004570188767498114,
      "cK_eff": 0.00025150957844016867,
      "ratio_cK_over_minus_cS": 0.5503264552852465,
      "sup_net_quartic_over_S": -7.445484223464111e-05
    }
  ],
  "verdict": {
    "f_R_differs_from_1": true,
    "net_sign_ever_positive": false,
    "note": "curvature DOES move c4 (f(R) = 1 + kappa R rho^{-1/2}, kappa > 0) but multiplies S and K channels together and f>1 makes the net quartic MORE negative; anisotropy moves the effective cK/cS ratio yet the sign theorem holds under every measure tried: no self-stabilisation."
  },
  "_meta": {
    "campaign": "SKYRME_DOMINANCE",
    "timestamp": "2026-06-12T22:41:30.013178+00:00",
    "python": "3.12.10",
    "numpy": "2.4.4",
    "platform": "Windows-11-10.0.26200-SP0"
  }
}