{
  "betas": [
    0.3,
    0.6,
    0.9,
    1.1,
    1.3,
    1.6,
    2.0,
    2.6
  ],
  "sizes": [
    {
      "L_box": 4.6,
      "n_events": 224,
      "n_plaq": 1626,
      "mean_plaq": [
        0.15341686958451786,
        0.3207174482589509,
        0.48668175080465886,
        0.5857880887468117,
        0.6581834743036306,
        0.7299790584769195,
        0.7926762551840727,
        0.8454329108310715
      ],
      "C_per_plaq": [
        0.041611643178863546,
        0.18962828074087829,
        0.43706101585886514,
        0.49219743291210083,
        0.44379317467260126,
        0.4271607416782038,
        0.5211263039384177,
        0.7039567179701602
      ],
      "peak_beta": 2.6,
      "C_per_plaq_peak": 0.7039567179701602
    },
    {
      "L_box": 5.6,
      "n_events": 492,
      "n_plaq": 14462,
      "mean_plaq": [
        0.1538179835413106,
        0.45933390501748445,
        0.7100727479621571,
        0.7720569065559829,
        0.8152052534181429,
        0.8499231946332255,
        0.879922423932412,
        0.9136914733232646
      ],
      "C_per_plaq": [
        0.049376499463003855,
        0.4356448607652283,
        0.6932589467413642,
        0.9063449876703911,
        0.32941094584292707,
        1.7779102653113068,
        2.3388007252875656,
        0.34497598264352525
      ],
      "peak_beta": 2.0,
      "C_per_plaq_peak": 2.3388007252875656
    }
  ],
  "gauge_invariance_max_dcos": 1.7763568394002505e-15,
  "peak_growth_ratio": 3.322364380627594,
  "verdict": "DECONFINEMENT-LIKE: C/N_plaq peak grows x3.32 with size (7.04e-01->2.34e+00) -- a transition consistent with a deconfined phase; a photon candidate may exist. Proceed to E5-2 (dispersion+polarisation) to test it. [exploratory: needs more sizes + Wilson-loop area law to confirm]",
  "verdict_tag": "DECONFINEMENT_LIKE",
  "runtime_s": 571.754054069519
}