{
  "G1_gauge_invariance": {
    "max_dcos_4D": 1.7763568394002505e-15,
    "max_dcos_3D": 1.7694179454963432e-15,
    "pass": true
  },
  "G2_4D": {
    "betas": [
      0.2,
      0.5,
      0.7,
      0.85,
      1.0,
      1.1,
      1.25,
      1.5,
      1.8
    ],
    "mean_plaq": [
      0.10019829307000934,
      0.24606724905717364,
      0.34698345593294455,
      0.4367137535791894,
      0.6577811115949811,
      0.7184788596023507,
      0.7650638589652141,
      0.8144270254178754,
      0.8482626494647981
    ],
    "specific_heat": [
      0.02215605711072032,
      0.13528221639299326,
      0.2785519487468227,
      0.5345660112069973,
      0.9283169697507746,
      0.4227285790211456,
      0.4063188372938979,
      0.2875861129750169,
      0.28393733193633314
    ],
    "peak_beta": 1.0,
    "N_plaq": 1536,
    "pass": true
  },
  "G3_3D": {
    "betas": [
      0.2,
      0.5,
      0.7,
      0.85,
      1.0,
      1.1,
      1.25,
      1.5,
      1.8
    ],
    "mean_plaq": [
      0.10400726563445739,
      0.24712220544996394,
      0.3336325355668179,
      0.4060982402255696,
      0.4772591882341294,
      0.5199389678483094,
      0.5879554998539575,
      0.6869113198885306,
      0.76918024922947
    ],
    "specific_heat": [
      0.02143150061300926,
      0.106056268561743,
      0.2313282129440957,
      0.2954619048100401,
      0.44823762094196373,
      0.3988015570431514,
      0.6660059534907377,
      0.603455700891435,
      0.6339380102602484
    ],
    "N_plaq": 648,
    "peak4_per_plaq": 0.0006043730271814939,
    "peak3_per_plaq": 0.001027786965263484,
    "pass": false
  },
  "all_pass": false,
  "runtime_s": 154.99937295913696
}