{
  "verdict": "NO interior minimum at any scale: E_total decreases toward small lambda (the defect still prefers to shrink). E_temporal is a tiny fraction of E_total and does NOT compensate E_spatial -- the causal cone supplies no Derrick counter-term. Same outcome as the spatial lattice (E3-2).",
  "any_interior_min": false,
  "all_interior_min": false,
  "E_total_monotone": false,
  "lambdas": [
    0.4,
    0.5529411764705883,
    0.7058823529411765,
    0.8588235294117648,
    1.011764705882353,
    1.1647058823529413,
    1.3176470588235296,
    1.4705882352941178,
    1.6235294117647059,
    1.776470588235294,
    1.9294117647058826,
    2.0823529411764707,
    2.235294117647059,
    2.388235294117647,
    2.5411764705882356,
    2.6941176470588237,
    2.847058823529412,
    3.0
  ],
  "curves": {
    "3.5": {
      "L": 3.5,
      "E_spatial": [
        2320.055225599398,
        2322.727704789943,
        2327.294820909009,
        2336.1193038458996,
        2349.6795860232974,
        2367.5853788805134,
        2389.4984811424147,
        2415.8433540764418,
        2446.7845021111525,
        2479.400858725,
        2513.4017169888075,
        2541.4491908845425,
        2559.6340481035595,
        2568.3053069968532,
        2564.9164259816735,
        2550.095194728827,
        2523.5004790201288,
        2482.0564747250073
      ],
      "E_temporal": [
        18.723285762783632,
        18.705159635967522,
        18.65737567356034,
        18.566748439038367,
        18.792049984952875,
        19.29522522229791,
        19.53998871873598,
        19.97242750410714,
        20.5140431178854,
        20.849585141141247,
        20.889830833117504,
        20.970129414558677,
        21.24849446619122,
        22.1536567066857,
        22.68527469845746,
        23.04915488341144,
        23.256520861020846,
        23.58321988425289
      ],
      "E_total": [
        2338.7785113621817,
        2341.4328644259103,
        2345.95219658257,
        2354.6860522849374,
        2368.4716360082502,
        2386.880604102811,
        2409.038469861151,
        2435.815781580549,
        2467.2985452290377,
        2500.2504438661413,
        2534.2915478219247,
        2562.4193202991014,
        2580.8825425697505,
        2590.458963703539,
        2587.601700680131,
        2573.1443496122383,
        2546.75699988115,
        2505.639694609261
      ],
      "B": [
        0.9999999999983267,
        0.9999999999983264,
        0.9999999999983267,
        0.9999999999983267,
        0.9999999999983264,
        0.9999999999983264,
        0.9999999999983267,
        0.9999999999983264,
        0.9999999999983264,
        0.9999999999983267,
        0.9999999999983267,
        0.9999999999983267,
        0.9999999999983267,
        0.9999999999983261,
        0.9999999999983202,
        0.999999999998308,
        0.9999999999982899,
        0.9999999999982624
      ],
      "frac_spatial_links": 0.9396122238669194
    },
    "4.0": {
      "L": 4.0,
      "E_spatial": [
        2821.4382056505883,
        2827.2130184808193,
        2833.085893482977,
        2841.4525818885204,
        2855.165073728587,
        2873.7258775778055,
        2896.8920891724106,
        2920.846499007492,
        2945.5158603876284,
        2970.80948067008,
        2997.424860010019,
        3023.6198862620977,
        3050.18171292633,
        3072.9135261487363,
        3088.888725302825,
        3100.0754656429986,
        3101.5277581189,
        3092.3173805143224
      ],
      "E_temporal": [
        20.79022249815436,
        20.862005124960014,
        21.059572876270504,
        21.006414734472106,
        20.858569289191383,
        20.80811403621533,
        21.210522448661333,
        21.355754741880684,
        21.561730115207048,
        21.80292671679978,
        22.11405037038345,
        22.38470435502729,
        22.50408696590113,
        22.88899896022,
        23.24273744366756,
        23.96591642648257,
        24.231286829654607,
        24.19664592513527
      ],
      "E_total": [
        2842.228428148743,
        2848.0750236057793,
        2854.1454663592476,
        2862.458996622993,
        2876.0236430177783,
        2894.53399161402,
        2918.1026116210714,
        2942.202253749373,
        2967.077590502836,
        2992.61240738688,
        3019.5389103804027,
        3046.0045906171244,
        3072.6857998922305,
        3095.8025251089557,
        3112.1314627464935,
        3124.041382069481,
        3125.7590449485547,
        3116.514026439458
      ],
      "B": [
        0.9999999999983308,
        0.9999999999983308,
        0.9999999999983309,
        0.9999999999983309,
        0.9999999999983309,
        0.9999999999983308,
        0.9999999999983309,
        0.9999999999983309,
        0.9999999999983309,
        0.9999999999983308,
        0.9999999999983308,
        0.9999999999983309,
        0.9999999999983308,
        0.9999999999983308,
        0.9999999999983309,
        0.9999999999983308,
        0.9999999999983284,
        0.9999999999983219
      ],
      "frac_spatial_links": 0.942176635257239
    },
    "4.5": {
      "L": 4.5,
      "E_spatial": [
        3294.439192791621,
        3299.907904214141,
        3309.2410528401624,
        3320.8006455988625,
        3334.317106527451,
        3350.7544629212243,
        3371.118833226137,
        3393.525673404912,
        3416.1269450498767,
        3440.509169641514,
        3467.277421058764,
        3496.767051366838,
        3529.0817381362867,
        3563.2170216964005,
        3595.935223580839,
        3622.970943601016,
        3644.1247431866477,
        3661.424739433928
      ],
      "E_temporal": [
        24.04431198359092,
        24.452172067391654,
        24.80387894507301,
        24.721708922082005,
        24.52056869657088,
        24.390457839636202,
        24.555971945231015,
        25.07833158914542,
        25.47993550383316,
        25.701572815431394,
        25.93011015093728,
        26.37677903102944,
        27.143309642991586,
        27.771474509849185,
        28.06262253832683,
        27.456542216121136,
        27.399479859900918,
        27.604453226362313
      ],
      "E_total": [
        3318.4835047752117,
        3324.360076281532,
        3334.0449317852363,
        3345.5223545209446,
        3358.837675224022,
        3375.1449207608603,
        3395.674805171368,
        3418.604004994058,
        3441.6068805537097,
        3466.2107424569454,
        3493.2075312097013,
        3523.1438303978675,
        3556.225047779278,
        3590.988496206249,
        3623.9978461191654,
        3650.4274858171375,
        3671.5242230465474,
        3689.0291926602913
      ],
      "B": [
        0.9999999999983276,
        0.9999999999983278,
        0.9999999999983276,
        0.9999999999983278,
        0.9999999999983276,
        0.9999999999983278,
        0.9999999999983276,
        0.9999999999983278,
        0.9999999999983281,
        0.9999999999983276,
        0.9999999999983278,
        0.9999999999983276,
        0.9999999999983276,
        0.9999999999983278,
        0.9999999999983276,
        0.9999999999983273,
        0.9999999999983276,
        0.9999999999983273
      ],
      "frac_spatial_links": 0.9436869367665681
    }
  },
  "diagnostics": {
    "3.5": {
      "lambda_star": 0.4,
      "interior_min": false,
      "argmin_index": 0,
      "E_temporal_fraction": 0.008360428565319036
    },
    "4.0": {
      "lambda_star": 0.4,
      "interior_min": false,
      "argmin_index": 0,
      "E_temporal_fraction": 0.0073886560568043914
    },
    "4.5": {
      "lambda_star": 0.4,
      "interior_min": false,
      "argmin_index": 0,
      "E_temporal_fraction": 0.0074387303948077405
    }
  },
  "config": {
    "rho": 1.5,
    "T": 3.0,
    "core": 1.5,
    "L_scales": [
      3.5,
      4.0,
      4.5
    ],