{
  "gate_pass": true,
  "checks": {
    "SR_reproduced": true,
    "causal_structure": true,
    "B_estimator": true
  },
  "special_relativity": {
    "ok": true,
    "corr_chain": 0.9990751825403839,
    "corr_volume": 0.9697228867247595,
    "dev_chain": 0.015624678345530364,
    "cv_poisson": 0.03076653038693843,
    "cv_lattice": 0.7754746513607697,
    "betas": [
      0.0,
      0.056666666666666664,
      0.11333333333333333,
      0.16999999999999998,
      0.22666666666666666,
      0.2833333333333333,
      0.33999999999999997,
      0.39666666666666667,
      0.4533333333333333,
      0.51,
      0.5666666666666667,
      0.6233333333333333,
      0.6799999999999999,
      0.7366666666666666,
      0.7933333333333333,
      0.85
    ],
    "chain_norm": [
      1.0,
      1.0026702269692924,
      1.0033377837116153,
      1.000667556742323,
      0.9786381842456608,
      0.9773030707610147,
      0.9512683578104139,
      0.92456608811749,
      0.9052069425901201,
      0.8871829105473964,
      0.8504672897196262,
      0.7950600801068091,
      0.7516688918558077,
      0.7042723631508678,
      0.630841121495327,
      0.5580774365821094
    ],
    "vol_norm": [
      1.0,
      1.0190228879830412,
      1.0353866569368049,
      1.0387645159830323,
      1.0457442129486532,
      1.0479840657085118,
      1.0342882498980466,
      1.0201348923595306,
      0.9997680621437431,
      0.9864735159654473,
      0.9506102075066359,
      0.9157170592579372,
      0.8738844710666829,
      0.8240004213744931,
      0.7498634603840766,
      0.6521915613500963
    ],
    "ref": [
      1.0,
      0.9983931534665534,
      0.9935570217936943,
      0.9854440623394105,
      0.9739723929466493,
      0.9590214920543868,
      0.9404254356406998,
      0.91796272013386,
      0.8913410620457743,
      0.8601744009211155,
      0.8239471396205517,
      0.7819562363429015,
      0.7332121111929345,
      0.6762560330394268,
      0.6087875016967925,
      0.526782687642637
    ],
    "betasB": [
      0.0,
      0.16763352779420262,
      0.32610322887105886,
      0.4681452081120305,
      0.5895154319464273,
      0.689054805687363,
      0.7679799743005643,
      0.8289014047013862,
      0.8749580527984505,
      0.9092323726574876,
      0.9344405060553465,
      0.9528207940197166,
      0.9661381801483901,
      0.9757431300314515
    ],
    "count_poisson": [
      34.91,
      38.385,
      38.635,
      40.06,
      39.625,
      39.555,
      39.145,
      39.435,
      39.325,
      39.795,
      38.905,
      38.705,
      39.045,
      39.255
    ],
    "count_lattice": [
      42.0,
      46.0,
      42.0,
      42.0,
      39.0,
      30.0,
      36.0,
      38.0,
      24.0,
      0.0,
      0.0,
      0.0,
      0.0,
      0.0
    ]
  },
  "structure_and_charge": {
    "rows": [
      {
        "seed": 0,
        "n": 2323,
        "n_links": 27289,
        "mean_degree": 23.494619027120102,
        "causal_violations": 0,
        "B_hedgehog": 0.9999999999983232,
        "B_anti": -0.9999999999983232,
        "B_vacuum": 0.0
      },
      {
        "seed": 1,
        "n": 2306,
        "n_links": 26076,
        "mean_degree": 22.615784908933218,
        "causal_violations": 0,
        "B_hedgehog": 0.9999999999983616,
        "B_anti": -0.9999999999983616,
        "B_vacuum": 0.0
      },
      {
        "seed": 2,
        "n": 2269,
        "n_links": 25396,
        "mean_degree": 22.385191714411636,
        "causal_violations": 0,
        "B_hedgehog": 0.9999999999983172,
        "B_anti": -0.9999999999983172,
        "B_vacuum": 0.0
      },
      {
        "seed": 3,
        "n": 2224,
        "n_links": 25307,
        "mean_degree": 22.758093525179856,
        "causal_violations": 0,
        "B_hedgehog": 0.9999999999983342,
        "B_anti": -0.9999999999983342,
        "B_vacuum": 0.0
      },
      {
        "seed": 4,
        "n": 2405,
        "n_links": 28535,
        "mean_degree": 23.72972972972973,
        "causal_violations": 0,
        "B_hedgehog": 0.9999999999983181,
        "B_anti": -0.9999999999983181,
        "B_vacuum": 0.0
      }
    ],
    "mean_degree": 22.996683781074907,
    "total_violations": 0,
    "more_local_than_E1": true,
    "B_hedgehog_ok": true,
    "B_anti_ok": true,
    "B_vacuum_ok": true,
    "struct_ok": true,
    "charge_ok": true
  },
  "substrate": {
    "rho": 1.5,
    "T": 3.0,
    "L": 4.0,
    "seeds": [
      0,
      1,
      2,
      3,
      4
    ]
  },
  "E1_mean_degree_anchor": 46.0,
  "runtime_s": 6.10793924331665,
  "timestamp_utc": "2026-06-14T10:52:17Z"
}