{
  "n_seeds": 20,
  "grid": [
    29,
    24,
    24
  ],
  "T_scan": [
    {
      "W": 1,
      "T": 10,
      "rho_factor": 1.0,
      "K": 1.0,
      "kin_dip_mean": 0.0,
      "kin_dip_std": 0.0,
      "dyn_dip_mean": 1.0,
      "dyn_dip_std": 0.0,
      "centers": [
        0.5,
        1.5,
        2.5,
        3.5,
        4.5,
        5.5,
        6.5,
        7.5,
        8.5,
        9.5
      ],
      "dyn_profile_mean": [
        0.0,
        0.0,
        0.0,
        0.0061091289723872195,
        0.19354754137082958,
        0.42420587612818483,
        0.6235272597235775,
        0.7832133433121984,
        0.916143070356803,
        1.01856559807989
      ]
    },
    {
      "W": 1,
      "T": 50,
      "rho_factor": 1.0,
      "K": 1.0,
      "kin_dip_mean": 0.0,
      "kin_dip_std": 0.0,
      "dyn_dip_mean": 1.0,
      "dyn_dip_std": 0.0,
      "centers": [
        0.5,
        1.5,
        2.5,
        3.5,
        4.5,
        5.5,
        6.5,
        7.5,
        8.5,
        9.5
      ],
      "dyn_profile_mean": [
        0.0,
        0.0,
        0.0,
        0.0,
        0.08104931522982042,
        0.3989217317955317,
        0.680205733120773,
        0.9132290620130403,
        1.079696621054929,
        1.2031759418459609
      ]
    },
    {
      "W": 1,
      "T": 100,
      "rho_factor": 1.0,
      "K": 1.0,
      "kin_dip_mean": 0.0,
      "kin_dip_std": 0.0,
      "dyn_dip_mean": 1.0,
      "dyn_dip_std": 0.0,
      "centers": [
        0.5,
        1.5,
        2.5,
        3.5,
        4.5,
        5.5,
        6.5,
        7.5,
        8.5,
        9.5
      ],
      "dyn_profile_mean": [
        0.0,
        0.0,
        0.0,
        0.0,
        0.0773085123071608,
        0.3944498841172561,
        0.6767715983530416,
        0.91093387254616,
        1.0781452151084168,
        1.2026302603671795
      ]
    },
    {
      "W": 1,
      "T": 200,
      "rho_factor": 1.0,
      "K": 1.0,
      "kin_dip_mean": 0.0,
      "kin_dip_std": 0.0,
      "dyn_dip_mean": 1.0,
      "dyn_dip_std": 0.0,
      "centers": [
        0.5,
        1.5,
        2.5,
        3.5,
        4.5,
        5.5,
        6.5,
        7.5,
        8.5,
        9.5
      ],
      "dyn_profile_mean": [
        0.0,
        0.0,
        0.0,
        0.0,
        0.07700210204180728,
        0.39411959105243144,
        0.6765565171328527,
        0.9108196248293305,
        1.0781073151427614,
        1.202653823853211
      ]
    }
  ],
  "K_scan": [
    {
      "W": 1,
      "T": 100,
      "rho_factor": 1.0,
      "K": 0.5,
      "kin_dip_mean": 0.0,
      "kin_dip_std": 0.0,
      "dyn_dip_mean": 1.0,
      "dyn_dip_std": 0.0,
      "centers": [
        0.5,
        1.5,
        2.5,
        3.5,
        4.5,
        5.5,
        6.5,
        7.5,
        8.5,
        9.5
      ],
      "dyn_profile_mean": [
        0.0,
        0.0,
        0.0,
        0.0,
        0.0,
        0.01287218531626386,
        0.35501029942616236,
        0.8216837243950162,
        1.1564363249504979,
        1.4056478014308271
      ]
    },
    {
      "W": 1,
      "T": 100,
      "rho_factor": 1.0,
      "K": 1.0,
      "kin_dip_mean": 0.0,
      "kin_dip_std": 0.0,
      "dyn_dip_mean": 1.0,
      "dyn_dip_std": 0.0,
      "centers": [
        0.5,
        1.5,
        2.5,
        3.5,
        4.5,
        5.5,
        6.5,
        7.5,
        8.5,
        9.5
      ],
      "dyn_profile_mean": [
        0.0,
        0.0,
        0.0,
        0.0,
        0.0769351549604737,
        0.3938204181542036,
        0.6764378996649609,
        0.9108418621975081,
        1.078218162475249,
        1.2028239007154136
      ]
    },
    {
      "W": 1,
      "T": 100,
      "rho_factor": 1.0,
      "K": 2.0,
      "kin_dip_mean": 0.0,
      "kin_dip_std": 0.0,
      "dyn_dip_mean": 1.0,
      "dyn_dip_std": 0.0,
      "centers": [
        0.5,
        1.5,
        2.5,
        3.5,
        4.5,
        5.5,
        6.5,
        7.5,
        8.5,
        9.5
      ],
      "dyn_profile_mean": [
        0.0,
        0.0,
        0.03779000105773483,
        0.3109191268607378,
        0.52919280231167,
        0.6969102090771018,
        0.8382189498324804,
        0.955420931098754,
        1.0391090812376245,
        1.101411950357707
      ]
    },
    {
      "W": 1,
      "T": 100,
      "rho_factor": 1.0,
      "K": 4.0,
      "kin_dip_mean": 0.0,
      "kin_dip_std": 0.0,
      "dyn_dip_mean": 0.9999726980404322,
      "dyn_dip_std": 4.1575945328379474e-05,
      "centers": [
        0.5,
        1.5,
        2.5,
        3.5,
        4.5,
        5.5,
        6.5,
        7.5,
        8.5,
        9.5
      ],
      "dyn_profile_mean": [
        2.7741138699765466e-05,
        0.25109894178793546,
        0.48849590764608614,
        0.655459563430369,
        0.764596401155835,
        0.8484551045385509,
        0.9191094749162402,
        0.9777104655493771,
        1.0195545406188122,
        1.0507059751788532
      ]
    },
    {
      "W": 1,
      "T": 100,
      "rho_factor": 1.0,
      "K": 8.0,
      "kin_dip_mean": 0.0,
      "kin_dip_std": 0.0,
      "dyn_dip_mean": 0.5153552557363895,
      "dyn_dip_std": 0.0027372392454185273,
      "centers": [
        0.5,
        1.5,
        2.5,
        3.5,
        4.5,
        5.5,
        6.5,
        7.5,
        8.5,
        9.5
      ],
      "dyn_profile_mean": [
        0.48851961396230825,
        0.6255494708939676,
        0.744247953823043,
        0.8277297817151845,
        0.8822982005779175,
        0.9242275522692754,
        0.9595547374581201,
        0.9888552327746887,
        1.0097772703094061,
        1.0253529875894267
      ]
    },
    {
      "W": 1,
      "T": 100,
      "rho_factor": 1.0,
      "K": 16.0,
      "kin_dip_mean": 0.0,
      "kin_dip_std": 0.0,
      "dyn_dip_mean": 0.2587035998095903,
      "dyn_dip_std": 0.001371486552039909,
      "centers": [
        0.5,
        1.5,
        2.5,
        3.5,
        4.5,
        5.5,
        6.5,
        7.5,
        8.5,
        9.5
      ],
      "dyn_profile_mean": [
        0.7442598069811542,
        0.8127747354469839,
        0.8721239769115217,
        0.9138648908575923,
        0.9411491002889587,
        0.9621137761346377,
        0.9797773687290601,
        0.9944276163873443,
        1.004888635154703,
        1.0126764937947135
      ]
    }
  ],
  "K_star_full_depletion_below": 8.0,
  "rho_scan": [
    {
      "W": 1,
      "T": 100,
      "rho_factor": 1.0,
      "K": 4.0,
      "kin_dip_mean": 0.0,
      "kin_dip_std": 0.0,
      "dyn_dip_mean": 0.9999726980404322,
      "dyn_dip_std": 4.1575945328379474e-05,
      "centers": [
        0.5,
        1.5,
        2.5,
        3.5,
        4.5,
        5.5,
        6.5,
        7.5,
        8.5,
        9.5
      ],
      "dyn_profile_mean": [
        2.7741138699765466e-05,
        0.25109894178793546,
        0.48849590764608614,
        0.655459563430369,
        0.764596401155835,
        0.8484551045385509,
        0.9191094749162402,
        0.9777104655493771,
        1.0195545406188122,
        1.0507059751788532
      ]
    },
    {
      "W": 1,
      "T": 100,
      "rho_factor": 5.0,
      "K": 4.0,
      "kin_dip_mean": 0.0,
      "kin_dip_std": 0.0,
      "dyn_dip_mean": 1.0,
      "dyn_dip_std": 0.0,
      "centers": [
        0.5,
        1.5,
        2.5,
        3.5,
        4.5,
        5.5,
        6.5,
        7.5,
        8.5,
        9.5
      ],
      "dyn_profile_mean": [
        0.0,
        0.0,
        0.0,
        0.0,
        0.006752017990631982,
        0.24234477712231525,
        0.5955473745812012,
        0.8885523277468851,
        1.0977727030940612,
        1.2535298758942668
      ]
    },
    {
      "W": 1,
      "T": 100,
      "rho_factor": 20.0,
      "K": 4.0,
      "kin_dip_mean": 0.0,
      "kin_dip_std": 0.0,
      "dyn_dip_mean": 1.0,
      "dyn_dip_std": 0.0,