{
  "n_seeds": 10,
  "grid": [
    33,
    28,
    28
  ],
  "xi_core": 1.5,
  "xi_std": 0.0,
  "circulation_at_xi": 0.5696286795303991,
  "circulation_std": 0.012334242633450824,
  "ratio_L_over_rho_xi2": 0.3797524530202661,
  "ratio_std": 0.008222828422300541,
  "J_circulates": true,
  "J_decays_outward": true,
  "centrifuge_criterion_met": false,
  "Jprofile_mean": [
    1.0579029785030456,
    0.6147500459314896,
    0.18468977686051757,
    0.049622139733248034,
    0.019134096286405076,
    0.00707541399696226,
    0.0027642050876421713,
    0.0013300776712240488,
    0.001073489329767768,
    0.0010143039792001982,
    0.0009551981095226407
  ],
  "centers": [
    0.5,
    1.5,
    2.5,
    3.5,
    4.5,
    5.5,
    6.5,
    7.5,
    8.5,
    9.5,
    10.5
  ],
  "timestamp_utc": "2026-06-09T22:43:18Z"
}