{
  "n_seeds": 10,
  "K": 16.0,
  "per_W": {
    "1": {
      "a_core": [
        2.216034860811303,
        0.009910047092659819
      ],
      "drho_core": [
        -0.2734514061979272,
        0.0006909241298409856
      ],
      "dip": [
        0.2749478118221703,
        0.0006907864819350074
      ]
    },
    "2": {
      "a_core": [
        4.798914494224969,
        0.0037426497957240477
      ],
      "drho_core": [
        -0.6938973585394025,
        0.0010737144267344708
      ],
      "dip": [
        0.6950476831726338,
        0.0010658788094929413
      ]
    },
    "3": {
      "a_core": [
        3.6433202206685302,
        0.007608369750678623
      ],
      "drho_core": [
        -0.828865055333687,
        0.0013822693351441804
      ],
      "dip": [
        0.8290397225286237,
        0.0013807058258103995
      ]
    }
  },
  "drho_core_ratio_W2_over_W1": 2.5375527161749236,
  "drho_core_ratio_W3_over_W1": 3.031123762931924,
  "exponent_p_drho_vs_W": 1.045365147031409,
  "dip_scales_with_W_linearly": false,
  "timestamp_utc": "2026-06-09T22:47:04Z"
}