{
  "n_seeds": 20,
  "grid": [
    29,
    24,
    24
  ],
  "K": 1.0,
  "centers": [
    0.5,
    1.5,
    2.5,
    3.5,
    4.5,
    5.5,
    6.5,
    7.5,
    8.5,
    9.5
  ],
  "absPhi_profile_mean": [
    0.0,
    0.0,
    0.0,
    0.0,
    0.07978474733128553,
    0.39711187649641955,
    0.6785563497943913,
    0.9119361863009608,
    1.0785719941004177,
    1.2025502550447738
  ],
  "absPhi_profile_std": [
    0.0,
    0.0,
    0.0,
    0.0,
    0.0031325933705398535,
    0.0030694139692546787,
    0.0018801743678733872,
    0.0009630986289198879,
    0.0006409324248595011,
    0.0008642742267393707
  ],
  "absPhi_at_core_mean": 0.0,
  "absPhi_at_core_std": 0.0,
  "coherence_length_xi_mean": 6.5,
  "coherence_length_xi_std": 0.0,
  "sigma_core_mean": 3.726906321960618,
  "sigma_core_std": 0.006977068048947815,
  "sigma_core_defined_frac": 1.0,
  "absPhi0_goes_to_zero": true,
  "sigma_core_constant_pinned": true,
  "timestamp_utc": "2026-06-09T22:48:14Z"
}