{
  "what": "Robustness of D3's tail exponent under L, rho, seeds, MC steps.",
  "method": "solver = exact MC mean for the quadratic BD action (full L x rho grid); batched heat-bath MC for seed error bars and noise-vs-sweeps.",
  "L_list": [
    10.0,
    20.0,
    40.0,
    80.0
  ],
  "rho_list": [
    50.0,
    100.0,
    200.0,
    400.0
  ],
  "nbins_of_rho": {
    "50.0": 32,
    "100.0": 40,
    "200.0": 50,
    "400.0": 64
  },
  "r_min": 0.5,
  "r_core": 2.0,
  "K": 1.0,
  "temp": 0.02,
  "w_M": 1.0,
  "p_grid_L_by_rho": [
    [
      -0.9900665189221555,
      -0.9918911043748498,
      -0.9920593101820993,
      -0.9913992727625431
    ],
    [
      -0.9886135954079478,
      -0.991275919907743,
      -0.9902027277173254,
      -0.990236094679418
    ],
    [
      -0.9918889103092211,
      -0.9917425402039013,
      -0.9912141461857037,
      -0.9900392268261085
    ],
    [
      -0.9914843225485785,
      -0.9921776632189908,
      -0.992085863329567,
      -0.9915113971918273
    ]
  ],
  "A_grid_L_by_rho": [
    [
      0.9441923013337059,
      0.9501212556131485,
      0.955908242581094,
      0.9541699230126622
    ],
    [
      0.9688958710225439,
      0.9761969146507725,
      0.9781164820392405,
      0.9808250675358342
    ],
    [
      0.9745793689952176,
      0.9812103179008582,
      0.985742748054606,
      0.9887397327007376
    ],
    [
      0.9708077598822772,
      0.9804556588260439,
      0.9864819210235084,
      0.9908610449008536
    ]
  ],
  "p_inf_per_rho": {
    "50.0": -0.9914852553767909,
    "100.0": -0.9918607433140675,
    "200.0": -0.9912676592160268,
    "400.0": -0.9905642008622634
  },
  "p_inf_overall": -0.9912944646922871,
  "mc_noise_sweeps_meanP_stdP_dev": [
    [
      10000,
      -0.99327934551282,
      0.0088285662120645,
      0.019610434547495677
    ],
    [
      100000,
      -0.9922192605034109,
      0.0033437532777227806,
      0.00632025778402073
    ],
    [
      1000000,
      -0.9915808963859917,
      0.001499277788158564,
      0.0027812984854079376
    ]
  ],
  "p_solve_representative": -0.9917425402039013,
  "D3_stored_exponent": -1.018015826142093,
  "convergence_ok": true,
  "mc_noise_decreases": true,
  "D3_inside_band": true,
  "verdict": "PASSA",
  "runtime_s": 163.6,
  "timestamp_utc": "2026-06-07T12:36:10Z"
}