{
  "lam": 0.5,
  "vs_target": [
    0.2,
    0.5,
    1.0,
    1.5,
    2.0
  ],
  "grid": {
    "Nx": 81,
    "Ny": 10,
    "Nz": 10
  },
  "rows": [
    {
      "v_target": 0.2,
      "v_meas": 0.19998174525537724,
      "m_A": 0.3316114320807484,
      "profile_x": [
        -40.0,
        -39.0,
        -38.0,
        -37.0,
        -36.0,
        -35.0,
        -34.0,
        -33.0,
        -32.0,
        -31.0,
        -30.0,
        -29.0,
        -28.0,
        -27.0,
        -26.0,
        -25.0,
        -24.0,
        -23.0,
        -22.0,
        -21.0,
        -20.0,
        -19.0,
        -18.0,
        -17.0,
        -16.0,
        -15.0,
        -14.0,
        -13.0,
        -12.0,
        -11.0,
        -10.0,
        -9.0,
        -8.0,
        -7.0,
        -6.0,
        -5.0,
        -4.0,
        -3.0,
        -2.0,
        -1.0,
        0.0,
        1.0,
        2.0,
        3.0,
        4.0,
        5.0,
        6.0,
        7.0,
        8.0,
        9.0,
        10.0,
        11.0,
        12.0,
        13.0,
        14.0,
        15.0,
        16.0,
        17.0,
        18.0,
        19.0,
        20.0,
        21.0,
        22.0,
        23.0,
        24.0,
        25.0,
        26.0,
        27.0,
        28.0,
        29.0,
        30.0,
        31.0,
        32.0,
        33.0,
        34.0,
        35.0,
        36.0,
        37.0,
        38.0,
        39.0,
        40.0
      ],
      "profile_A": [
        5.948873883207536e-10,
        1.0401732754839502e-09,
        2.2202052380787353e-09,
        4.8729045204368166e-09,
        1.0573339441105507e-08,
        2.2516966017541336e-08,
        4.7008297362278366e-08,
        9.620180734451745e-08,
        1.9302075177557745e-07,
        3.797743366467383e-07,
        7.329012884591917e-07,
        1.3876118305297981e-06,
        2.5781295018937723e-06,
        4.701919322859709e-06,
        8.419912015422058e-06,
        1.480947983083329e-05,
        2.5592967949214174e-05,
        4.3472118664868486e-05,
        7.260796283216567e-05,
        0.00011929703020518443,
        0.00019290864332614774,
        0.0003071656864901677,
        0.00048187444947220444,
        0.0007452409801780139,
        0.0011369565160338053,
        0.0017122997988826512,
        0.0025475988521972775,
        0.0037475317473794063,
        0.005454941485224889,
        0.007864115559035063,
        0.011238863244024294,
        0.015937248351156594,
        0.022445548129912923,
        0.03142497088184943,
        0.0437759549341785,
        0.06072658928929812,
        0.08395395232717051,
        0.11575004228273672,
        0.15924740287694633,
        0.21872296120363216,
        0.3,
        0.21872296120363216,
        0.15924740287694633,
        0.11575004228273672,
        0.08395395232717051,
        0.06072658928929812,
        0.0437759549341785,
        0.03142497088184943,
        0.022445548129912923,
        0.015937248351156594,
        0.011238863244024294,
        0.007864115559035063,
        0.005454941485224889,
        0.0037475317473794063,
        0.0025475988521972775,
        0.0017122997988826512,
        0.0011369565160338053,
        0.0007452409801780139,
        0.00048187444947220444,
        0.0003071656864901677,
        0.00019290864332614774,
        0.00011929703020518443,
        7.260796283216567e-05,
        4.3472118664868486e-05,
        2.5592967949214174e-05,
        1.480947983083329e-05,
        8.419912015422058e-06,
        4.701919322859709e-06,
        2.5781295018937723e-06,
        1.3876118305297981e-06,
        7.329012884591917e-07,
        3.797743366467383e-07,
        1.9302075177557745e-07,
        9.620180734451745e-08,
        4.7008297362278366e-08,
        2.2516966017541336e-08,
        1.0573339441105507e-08,
        4.8729045204368166e-09,
        2.2202052380787353e-09,
        1.0401732754839502e-09,
        5.948873883207536e-10
      ],
      "i_src": 40
    },
    {
      "v_target": 0.5,
      "v_meas": 0.4999999999999995,
      "m_A": 0.771340132175314,
      "profile_x": [
        -40.0,
        -39.0,
        -38.0,
        -37.0,
        -36.0,
        -35.0,
        -34.0,
        -33.0,
        -32.0,
        -31.0,
        -30.0,
        -29.0,
        -28.0,
        -27.0,
        -26.0,
        -25.0,
        -24.0,
        -23.0,
        -22.0,
        -21.0,
        -20.0,
        -19.0,
        -18.0,
        -17.0,
        -16.0,
        -15.0,
        -14.0,
        -13.0,
        -12.0,
        -11.0,
        -10.0,
        -9.0,
        -8.0,
        -7.0,
        -6.0,
        -5.0,
        -4.0,
        -3.0,
        -2.0,
        -1.0,
        0.0,
        1.0,
        2.0,
        3.0,
        4.0,
        5.0,
        6.0,
        7.0,
        8.0,
        9.0,
        10.0,
        11.0,
        12.0,
        13.0,
        14.0,
        15.0,
        16.0,
        17.0,
        18.0,
        19.0,
        20.0,
        21.0,
        22.0,
        23.0,
        24.0,
        25.0,
        26.0,
        27.0,
        28.0,
        29.0,
        30.0,
        31.0,
        32.0,
        33.0,
        34.0,
        35.0,
        36.0,
        37.0,
        38.0,
        39.0,
        40.0
      ],
      "profile_A": [
        1.1431270119624865e-14,
        2.0089318045597336e-14,
        4.353872547234828e-14,
        9.815628298889437e-14,
        2.2142993126181868e-13,
        4.965464398065901e-13,
        1.1063548610164615e-12,
        2.450879110349939e-12,
        5.402479779113729e-12,
        1.1859062802829073e-11,
        2.594233633722647e-11,
        5.6591640805961225e-11,
        1.231764897009096e-10,
        2.676379842930055e-10,
        5.807500055801093e-10,
        1.2589158837942654e-09,
        2.727000452555547e-09,
        5.9039684861333065e-09,
        1.2777352789404548e-08,
        2.7645591248200784e-08,
        5.98046869937281e-08,
        1.2935834392883824e-07,
        2.797828978557497e-07,
        6.051001068617631e-07,
        1.3086407737984406e-06,
        2.8301264426702993e-06,
        6.120495208436008e-06,
        1.3236237755313079e-05,
        2.8624703639836842e-05,
        6.190369425103378e-05,
        0.00013387258808401475,
        0.00028951195184368563,
        0.0006260963962664514,
        0.0013539912308330527,
        0.002928131021085313,
        0.0063323561136416386,
        0.013694337349042782,
        0.0296156181251178,
        0.06405008661883803,
        0.13855058734315168,
        0.3,
        0.13855058734315168,
        0.06405008661883803,
        0.0296156181251178,
        0.013694337349042782,
        0.0063323561136416386,
        0.002928131021085313,
        0.0013539912308330527,
        0.0006260963962664514,
        0.00028951195184368563,
        0.00013387258808401475,
        6.190369425103378e-05,
        2.8624703639836842e-05,
        1.3236237755313079e-05,
        6.120495208436008e-06,
        2.8301264426702993e-06,
        1.3086407737984406e-06,
        6.051001068617631e-07,
        2.797828978557497e-07,
        1.2935834392883824e-07,
        5.98046869937281e-08,
        2.7645591248200784e-08,
        1.2777352789404548e-08,
        5.9039684861333065e-09,
        2.727000452555547e-09,
        1.2589158837942654e-09,
        5.807500055801093e-10,
        2.676379842930055e-10,
        1.231764897009096e-10,
        5.6591640805961225e-11,
        2.594233633722647e-11,
        1.1859062802829073e-11,
        5.402479779113729e-12,
        2.450879110349939e-12,
        1.1063548610164615e-12,
        4.965464398065901e-13,
        2.2142993126181868e-13,
        9.815628298889437e-14,
        4.353872547234828e-14,
        2.0089318045597336e-14,
        1.1431270119624865e-14
      ],
      "i_src": 40
    },
    {
      "v_target": 1.0,
      "v_meas": 1.0,
      "m_A": 1.4506828500431859,