{
  "mu2": 4.0,
  "lam": 2.0,
  "lamp": 0.8,
  "grid": {
    "Nx": 33,
    "Ny": 28,
    "Nz": 10
  },
  "kappa_critical": 0.7071067811865475,
  "regime": "TIPO II (kappa>1/sqrt2)",
  "v": 1.0,
  "rc": [
    0.421875,
    1.265625,
    2.109375,
    2.953125,
    3.796875,
    4.640625,
    5.484375,
    6.328125,
    7.171875,
    8.015625,
    8.859375,
    9.703125,
    10.546875,
    11.390625,
    12.234375,
    13.078125
  ],
  "rho_profile": [
    0.33952309865331387,
    0.9336507009712116,
    0.9885589749811734,
    0.9961097937554475,
    0.9996395091497565,
    0.9999665257988865,
    0.9999966296043583,
    0.99999964887347,
    0.9999999585178914,
    0.9999999908455401,
    0.9999999984946951,
    0.9999999998670885,
    0.999999999982098,
    0.9999999999944672,
    0.999999999973084,
    0.9999999999723777
  ],
  "B_profile": [
    1.570796326795087,
    1.6567476557316496e-13,
    5.320049956125672e-14,
    2.763544601491752e-14,
    6.592816570449855e-15,
    1.5641010312325168e-15,
    3.776276166767012e-16,
    1.5506500404703792e-16,
    1.683494923326867e-16,
    1.93421667571414e-16,
    8.835413704085718e-17,
    9.497611030973019e-17,
    7.632783294297951e-17,
    8.61534151311294e-17,
    0.10471975511965985,
    1.0639637319324417e-16
  ],
  "rho_core": 0.33952309865331387,
  "rho_inf": 0.999999999977591,
  "has_normal_core": true,
  "xi": 0.9438987721897593,
  "m_A": 1.4506828500431859,
  "lambda_L": 0.6893305452464891,
  "kappa": 0.7303013475134679
}