{
  "lamp": 0.8,
  "cases": [
    [
      0.5,
      0.5
    ],
    [
      0.5,
      2.0
    ],
    [
      1.0,
      0.5
    ],
    [
      1.0,
      2.0
    ]
  ],
  "grid": {
    "Nx": 29,
    "Ny": 28,
    "Nz": 8
  },
  "T_total": 120.0,
  "rows": [
    {
      "v_target": 0.5,
      "lam": 0.5,
      "v": 0.4999999848788638,
      "t": [
        0.0,
        10.004999999999999,
        20.009999999999998,
        30.014999999999997,
        40.019999999999996,
        50.02499999999999,
        60.02999999999999,
        70.03499999999998,
        80.03999999999998,
        90.04499999999997,
        100.04999999999997,
        110.05499999999996,
        120.05999999999996
      ],
      "sigma": [
        7.491952496805287,
        10.755409081934857,
        10.057937223551754,
        9.947489901565403,
        11.123906359141001,
        12.438654386497157,
        13.134929628291543,
        12.872913143946421,
        11.919945024436492,
        11.936764356752755,
        11.877477456530679,
        12.193306045851573,
        11.852004264439465
      ],
      "flux": [
        1.0,
        0.9999999891656565,
        1.0000814090560488,
        1.0002894650342917,
        1.0000398443639076,
        1.0000295779360706,
        1.0000239405177924,
        1.0002007591551134,
        1.0004162618552068,
        0.9999180933936332,
        1.0001689715380648,
        1.000064367246306,
        0.999794603350115
      ],
      "sigma0": 7.491952496805287,
      "sigmaT": 11.852004264439465,
      "growth_frac": 0.5819646840384249,
      "wander": 15.191013046499597,
      "flux_final": 0.999794603350115,
      "flux_min": 0.999794603350115,
      "pinned": true
    },
    {
      "v_target": 0.5,
      "lam": 2.0,
      "v": 0.49999999997670913,
      "t": [
        0.0,
        10.004999999999999,
        20.009999999999998,
        30.014999999999997,
        40.019999999999996,
        50.02499999999999,
        60.02999999999999,
        70.03499999999998,
        80.03999999999998,
        90.04499999999997,
        100.04999999999997,
        110.05499999999996,
        120.05999999999996
      ],
      "sigma": [
        7.491952496805287,
        10.728889025741646,
        10.062386536873133,
        10.057700368800342,
        11.275285455519773,
        12.48132071110362,
        13.088538619114953,
        12.865257867904567,
        11.983367055951287,
        11.713783221081966,
        11.935123184441762,
        12.254035341863167,
        11.884165975504109
      ],
      "flux": [
        1.0,
        0.9999999820026674,
        1.0000803656244692,
        1.000254835272322,
        0.9999808132290766,
        1.0000329331397497,
        1.0000100495199764,
        1.0002105890755644,
        1.0004715283530916,
        0.9999181032158706,
        1.0000239624168035,
        1.00015696550626,
        0.9999085263108692
      ],
      "sigma0": 7.491952496805287,
      "sigmaT": 11.884165975504109,
      "growth_frac": 0.5862575183934691,
      "wander": 15.236185839229828,
      "flux_final": 0.9999085263108692,
      "flux_min": 0.9999085263108692,
      "pinned": true
    },
    {
      "v_target": 1.0,
      "lam": 0.5,
      "v": 0.9999999999997694,
      "t": [
        0.0,
        10.004999999999999,
        20.009999999999998,
        30.014999999999997,
        40.019999999999996,
        50.02499999999999,
        60.02999999999999,
        70.03499999999998,
        80.03999999999998,
        90.04499999999997,
        100.04999999999997,
        110.05499999999996,
        120.05999999999996
      ],
      "sigma": [
        7.491952496805287,
        10.188372953162272,
        10.749819983116787,
        10.861868764784035,
        10.996420498810203,
        11.808256129806725,
        12.399499765077303,
        13.329831318606201,
        13.16438758818563,
        12.728518009080087,
        12.219575211370845,
        11.99356915639519,
        11.731416108797292
      ],
      "flux": [
        1.0,
        1.000000004336837,
        1.000001088111599,
        1.000098754126801,
        1.000236288692638,
        0.9999959123641686,
        1.00005884211365,
        1.0001049191526366,
        1.000088353495217,
        1.0000832801767596,
        1.000260351132618,
        1.0003342077071355,
        1.0000167161786135
      ],
      "sigma0": 7.491952496805287,
      "sigmaT": 11.731416108797292,
      "growth_frac": 0.5658689926023682,
      "wander": 13.80336690477955,
      "flux_final": 1.0000167161786135,
      "flux_min": 0.9999959123641686,
      "pinned": true
    },
    {
      "v_target": 1.0,
      "lam": 2.0,
      "v": 1.0,
      "t": [
        0.0,
        10.004999999999999,
        20.009999999999998,
        30.014999999999997,
        40.019999999999996,
        50.02499999999999,
        60.02999999999999,
        70.03499999999998,
        80.03999999999998,
        90.04499999999997,
        100.04999999999997,
        110.05499999999996,
        120.05999999999996
      ],
      "sigma": [
        7.491952496805287,
        10.189886494839193,
        10.635716579616926,
        4.958222055679714,
        5.987675806272349,
        10.263467293814486,
        13.157293445907879,
        13.378135828577275,
        12.203963783051691,
        11.179811144717624,
        10.405939398334878,
        10.796483453227212,
        11.361965130002444
      ],
      "flux": [
        1.0,
        1.0000000002804639,
        0.9999994386613208,
        1.0000989688276098,
        1.0002433055344886,
        1.0001701040333257,
        1.0004909529108772,
        1.0000856237269982,
        0.9997405917208386,
        0.994801981714407,
        0.9995506098845504,
        0.9959875556172862,
        1.018339065615408
      ],
      "sigma0": 7.491952496805287,
      "sigmaT": 11.361965130002444,
      "growth_frac": 0.5165559491797905,
      "wander": 15.416360175412512,
      "flux_final": 1.018339065615408,
      "flux_min": 0.994801981714407,
      "pinned": true
    }
  ],
  "all_pinned": true,
  "winding_stable": true,
  "AH4_PASS": true
}