{
  "mu2": 2.0,
  "lam": 1.0,
  "lamp": 0.8,
  "v": 1.0,
  "grid": {
    "Nx": 41,
    "Ny": 28,
    "Nz": 8
  },
  "M_vortex": 48.427225228721,
  "E_pair_initial": 74.37033515682378,
  "E_pair_over_M": 1.5357133266581742,
  "E_pair_eq_2M": true,
  "winding": [
    0.24489670088895318,
    0.8540302184744175,
    0.8200042673062693,
    0.9182754792219199,
    0.9221901763606808,
    0.9277983922018874,
    0.8757985326369839,
    0.8946536324926165,
    0.9002085926004921,
    0.910625998474354,
    0.9275998777134745,
    0.9369287526587268,
    0.9029990181756518,
    0.8926788724876399,
    0.8893666801303158,
    0.9064474972807522,
    0.9080139417819705
  ],
  "t": [
    0.0,
    4.995,
    9.99,
    14.985,
    19.98,
    24.975,
    29.970000000000002,
    34.965,
    39.96,
    44.955,
    49.949999999999996,
    54.94499999999999,
    59.93999999999999,
    64.93499999999999,
    69.92999999999999,
    74.925,
    79.92
  ],
  "localization": [
    0.841636853190476,
    0.53460800610995,
    0.43788672845744114,
    0.4331066430810949,
    0.33196720411534436,
    0.3265632520961149,
    0.234805853527676,
    0.18698671931640307,
    0.3479143757528185,
    0.2835151995725246,
    0.22867213618106955,
    0.2733123302714686,
    0.35320487840895304,
    0.3439034662992132,
    0.3241163376669332,
    0.2839736733967774,
    0.4049287949576239
  ],
  "energy_above_vac": [
    74.37033346497446,
    74.35562981742441,
    74.35493998507809,
    74.35499447377879,
    74.35571232166694,
    74.35435314775168,
    74.35612388993286,
    74.35685097867281,
    74.35699454641872,
    74.3547521626715,
    74.35626568291809,
    74.35255017351483,
    74.35625480317685,
    74.35502873842233,
    74.3583036883665,
    74.35377308616444,
    74.35170630504581
  ],
  "energy_drift": 0.00025046492412768686,
  "winding_annihilated": true,
  "radiated": true,
  "AH6_PASS": true
}