{
  "lamh": 1.0,
  "mu2s": [
    0.0,
    0.1,
    0.5,
    1.0,
    2.0
  ],
  "grid": {
    "Lx": 40.0,
    "Nx": 81,
    "Ny": 10,
    "Nz": 10
  },
  "src_amp": 0.3,
  "rows": [
    {
      "mu2": 0.0,
      "v_meas": -0.00015543976856478126,
      "m_A": 0.9900208247563554,
      "m_A_free": 1.156776513304581,
      "profile_x": [
        -20.0,
        -19.5,
        -19.0,
        -18.5,
        -18.0,
        -17.5,
        -17.0,
        -16.5,
        -16.0,
        -15.5,
        -15.0,
        -14.5,
        -14.0,
        -13.5,
        -13.0,
        -12.5,
        -12.0,
        -11.5,
        -11.0,
        -10.5,
        -10.0,
        -9.5,
        -9.0,
        -8.5,
        -8.0,
        -7.5,
        -7.0,
        -6.5,
        -6.0,
        -5.5,
        -5.0,
        -4.5,
        -4.0,
        -3.5,
        -3.0,
        -2.5,
        -2.0,
        -1.5,
        -1.0,
        -0.5,
        0.0,
        0.5,
        1.0,
        1.5,
        2.0,
        2.5,
        3.0,
        3.5,
        4.0,
        4.5,
        5.0,
        5.5,
        6.0,
        6.5,
        7.0,
        7.5,
        8.0,
        8.5,
        9.0,
        9.5,
        10.0,
        10.5,
        11.0,
        11.5,
        12.0,
        12.5,
        13.0,
        13.5,
        14.0,
        14.5,
        15.0,
        15.5,
        16.0,
        16.5,
        17.0,
        17.5,
        18.0,
        18.5,
        19.0,
        19.5,
        20.0
      ],
      "profile_A": [
        0.0,
        2.4235568052239566e-05,
        4.331700202582724e-05,
        5.729374019346317e-05,
        6.628070085870486e-05,
        7.047253267996624e-05,
        7.015244095256065e-05,
        6.56957846866145e-05,
        5.756870212859198e-05,
        4.632213091960897e-05,
        3.258174287091722e-05,
        1.7034518851747933e-05,
        4.1296257479931067e-07,
        -1.6521675842906494e-05,
        -3.299526918489489e-05,
        -4.8233100864740995e-05,
        -6.146470565994489e-05,
        -7.191551945998622e-05,
        -7.877657296455912e-05,
        -8.113854871883631e-05,
        -7.786847219821692e-05,
        -6.739408990143811e-05,
        -4.733925817843935e-05,
        -1.3917942113043871e-05,
        3.9064290029154085e-05,
        0.00012184884523434058,
        0.0002514087111837919,
        0.00045584503652084226,
        0.0007815883108293281,
        0.0013051968670243202,
        0.002152694019873518,
        0.0035312693797608695,
        0.005781260596818949,
        0.009461400680383075,
        0.01548862588260024,
        0.025367347808041073,
        0.04156531672513552,
        0.06812921594541264,
        0.11169025360175276,
        0.18309515060537987,
        0.3,
        0.1830760835305491,
        0.1116531109329172,
        0.06807594814627514,
        0.04149873354095922,
        0.025290973365056573,
        0.015406518883624789,
        0.009377948639332443,
        0.005700958016253595,
        0.0034584907202682945,
        0.0020914726771157233,
        0.0012590210886445768,
        0.0007532240997496092,
        0.0004471946804257142,
        0.00026341174669201124,
        0.00015443011877995673,
        9.113143533799373e-05,
        5.557229713530646e-05,
        3.663455857602749e-05,
        2.738295457461912e-05,
        2.3462203633678797e-05,
        2.2126084754402025e-05,
        2.164979973113856e-05,
        2.0973855554152772e-05,
        1.9486900599472584e-05,
        1.689114932655948e-05,
        1.3116205095163105e-05,
        8.26070379697579e-06,
        2.5495793087155853e-06,
        -3.700079569713056e-06,
        -1.0108419453505397e-05,
        -1.6259333682960906e-05,
        -2.1724771875749085e-05,
        -2.608681671981314e-05,
        -2.895710356045239e-05,
        -2.999297084759032e-05,
        -2.890967760099972e-05,
        -2.548806002584584e-05,
        -1.9577088531777188e-05,
        -1.1090900724175988e-05,
        0.0
      ],
      "i_src": 40
    },
    {
      "mu2": 0.1,
      "v_meas": 0.3161625933735092,
      "m_A": 0.9894494966310023,
      "m_A_free": 1.0547117181358938,
      "profile_x": [
        -20.0,
        -19.5,
        -19.0,
        -18.5,
        -18.0,
        -17.5,
        -17.0,
        -16.5,
        -16.0,
        -15.5,
        -15.0,
        -14.5,
        -14.0,
        -13.5,
        -13.0,
        -12.5,
        -12.0,
        -11.5,
        -11.0,
        -10.5,
        -10.0,
        -9.5,
        -9.0,
        -8.5,
        -8.0,
        -7.5,
        -7.0,
        -6.5,
        -6.0,
        -5.5,
        -5.0,
        -4.5,
        -4.0,
        -3.5,
        -3.0,
        -2.5,
        -2.0,
        -1.5,
        -1.0,
        -0.5,
        0.0,
        0.5,
        1.0,
        1.5,
        2.0,
        2.5,
        3.0,
        3.5,
        4.0,
        4.5,
        5.0,
        5.5,
        6.0,
        6.5,
        7.0,
        7.5,
        8.0,
        8.5,
        9.0,
        9.5,
        10.0,
        10.5,
        11.0,
        11.5,
        12.0,
        12.5,
        13.0,
        13.5,
        14.0,
        14.5,
        15.0,
        15.5,
        16.0,
        16.5,
        17.0,
        17.5,
        18.0,
        18.5,
        19.0,
        19.5,
        20.0
      ],
      "profile_A": [
        0.0,
        -0.013471711687541528,
        -0.022834333311792077,
        -0.028373624285503003,
        -0.030581704735349532,
        -0.030122673326668715,
        -0.027749658858768473,
        -0.024204040348230756,
        -0.02013006849316801,
        -0.016024786967733344,
        -0.012225554898663145,
        -0.00892555221406742,
        -0.00620402931795345,
        -0.0040601636574119394,
        -0.0024435650448091993,
        -0.0012783155673399419,
        -0.00048002812275564665,
        3.3223473052894515e-05,
        0.0003347497036252858,
        0.0004865070675637513,
        0.0005386362183434034,
        0.0005304219368963887,
        0.0004920975234447061,
        0.0004471610215908293,
        0.0004150876390187243,
        0.0004145326410512036,
        0.00046735521056487546,
        0.0006041048194457565,
        0.0008720700027051645,
        0.0013477075609053338,
        0.002156427558721888,
        0.0035045964161706626,
        0.005731710166328832,
        0.009395756065735469,
        0.015413087363600165,
        0.025287742190775182,
        0.041487360098239376,
        0.06805886475856987,
        0.1116342134880674,
        0.18306165412523534,
        0.3,
        0.18306684507480586,
        0.11164430969708888,
        0.06807321050062203,
        0.04150476995714628,
        0.02530626222218256,
        0.015429679215730971,
        0.00940591259678733,
        0.005729021319217529,
        0.003480299967632221,
        0.0020990023419366747,
        0.001242598224580861,
        0.0007016733852729732,
        0.00034819906973807875,
        0.00010421333700281457,
        -7.696994402876037e-05,
        -0.00022181610598257114,
        -0.00034279876434651605,
        -0.0004415739440993355,
        -0.0005101899691462951,
        -0.000531032054795499,
        -0.0004759968200696876,
        -0.0003053192934737727,
        3.349662228824766e-05,
        0.00060607835654728,
        0.001490157438870443,
        0.0027721037380470537,
        0.004539739674888363,
        0.006869964161786781,
        0.00980980099288764,
        0.01335016030386237,
        0.01739328140646141,
        0.021717867933459773,
        0.02595021566544821,
        0.029553905208644968,
        0.03185192733922488,
        0.032089427444998986,
        0.029530615677273823,
        0.02356442290056785,
        0.01378236251138544,
        0.0
      ],
      "i_src": 40
    },
    {
      "mu2": 0.5,
      "v_meas": 0.7071052777392769,
      "m_A": 0.9896560159629021,
      "m_A_free": 1.3454332935755482,