{
  "mu2": 1.0,
  "lamh": 1.0,
  "lamp": 0.8,
  "grid": {
    "Lx": 24.0,
    "Nx": 49,
    "Ny": 24,
    "Nz": 12
  },
  "kappa_critical": 0.7071067811865475,
  "regime": "indefinido (sem nucleo normal: xi nao medivel)",
  "v": 1.0000337114316598,
  "rc": [
    0.23958333333333334,
    0.71875,
    1.1979166666666667,
    1.6770833333333335,
    2.15625,
    2.635416666666667,
    3.1145833333333335,
    3.59375,
    4.072916666666667,
    4.552083333333334,
    5.03125,
    5.510416666666667
  ],
  "theta_profile": [
    0.9988555090611231,
    0.9986166273465423,
    0.9985470118363095,
    0.9986358653100805,
    0.9990774363477204,
    0.9994806531515016,
    0.9997369503077417,
    0.9999125629104382,
    1.0000255172112562,
    1.0001351464854973,
    1.0002796643976715,
    1.0004106668048156
  ],
  "B_profile": [
    6.283185307179586,
    0.6492656018285637,
    0.7207161155511926,
    0.5972021943909586,
    0.22427344732878615,
    0.09905238018656982,
    0.048968744166973985,
    0.024483285774648617,
    0.01057023080616181,
    0.006599760860179953,
    0.0029823925644474306,
    0.0013340963919492158
  ],
  "theta_core": 0.9985470118363095,
  "theta_inf": 1.0002796643976715,
  "has_normal_core": false,
  "xi": NaN,
  "lambda_L": 0.71875,
  "kappa": NaN
}