{
  "lamh": 1.0,
  "lamp": 0.8,
  "grid": {
    "Lx": 24.0,
    "Nx": 49,
    "Ny": 24,
    "Nz": 10
  },
  "mu2s": [
    0.0,
    0.25,
    0.5,
    1.0,
    2.0
  ],
  "T_total": 16.0,
  "pin_growth_thresh": 0.15,
  "rows": [
    {
      "mu2": 0.0,
      "v": -0.00040932916975051806,
      "t": [
        0.0,
        0.99,
        1.98,
        2.9699999999999998,
        3.96,
        4.95,
        5.94,
        6.930000000000001,
        7.920000000000001,
        8.91,
        9.9,
        10.89,
        11.88,
        12.870000000000001,
        13.860000000000001,
        14.850000000000001,
        15.840000000000002
      ],
      "sigma": [
        1.2902505366229404,
        5.069111065416816,
        5.785610060327801,
        4.863277830594959,
        4.981910879600165,
        5.43227615695084,
        4.990932286082439,
        5.1448790266709095,
        5.887575591374149,
        5.624534319650981,
        5.63626807356454,
        5.5644853542390615,
        5.375417777675311,
        5.510528236625787,
        5.772394799510977,
        5.986920215246354,
        5.804507138819711
      ],
      "sigma0": 1.2902505366229404,
      "sigmaT": 5.804507138819711,
      "growth_frac": 3.4987442159971804,
      "slope_vs_sqrt_t": 0.7070202070363769,
      "pinned": false
    },
    {
      "mu2": 0.25,
      "v": 0.500753250004026,
      "t": [
        0.0,
        0.99,
        1.98,
        2.9699999999999998,
        3.96,
        4.95,
        5.94,
        6.930000000000001,
        7.920000000000001,
        8.91,
        9.9,
        10.89,
        11.88,
        12.870000000000001,
        13.860000000000001,
        14.850000000000001,
        15.840000000000002
      ],
      "sigma": [
        1.2902505366229404,
        5.0707695978613545,
        5.791067540102925,
        4.872729113555305,
        4.983855216837174,
        5.43005824398307,
        5.0036953897568495,
        5.1271847899767815,
        5.915961819395442,
        5.702345291951626,
        5.719258749023825,
        5.656838102173205,
        5.4165005216431075,
        5.476577043965134,
        5.809023604338092,
        6.092853865723157,
        5.865283214007088
      ],
      "sigma0": 1.2902505366229404,
      "sigmaT": 5.865283214007088,
      "growth_frac": 3.545848304282585,
      "slope_vs_sqrt_t": 0.7266951112420402,
      "pinned": false
    },
    {
      "mu2": 0.5,
      "v": 0.7072529720056887,
      "t": [
        0.0,
        0.99,
        1.98,
        2.9699999999999998,
        3.96,
        4.95,
        5.94,
        6.930000000000001,
        7.920000000000001,
        8.91,
        9.9,
        10.89,
        11.88,
        12.870000000000001,
        13.860000000000001,
        14.850000000000001,
        15.840000000000002
      ],
      "sigma": [
        1.2902505366229404,
        5.072453292495027,
        5.796442815751522,
        4.88220280526371,
        4.989354181376252,
        5.428680233121209,
        5.025713450524777,
        5.11670978761737,
        5.936844760739036,
        5.7904768250287,
        5.780541787679361,
        5.738233585953874,
        5.514336364241967,
        5.460224864199693,
        5.861129818031942,
        6.165439516375652,
        5.901078105998168
      ],
      "sigma0": 1.2902505366229404,
      "sigmaT": 5.901078105998168,
      "growth_frac": 3.5735908945587087,
      "slope_vs_sqrt_t": 0.7456303224848257,
      "pinned": false
    },
    {
      "mu2": 1.0,
      "v": 1.0000337093101002,
      "t": [
        0.0,
        0.99,
        1.98,
        2.9699999999999998,
        3.96,
        4.95,
        5.94,
        6.930000000000001,
        7.920000000000001,
        8.91,
        9.9,
        10.89,
        11.88,
        12.870000000000001,
        13.860000000000001,
        14.850000000000001,
        15.840000000000002
      ],
      "sigma": [
        1.2902505366229404,
        5.075930931196166,
        5.806538769422443,
        4.900745103985685,
        5.0049762144598455,
        5.424166497979189,
        5.0772985012357745,
        5.0855920778667585,
        5.909320521571067,
        5.880595373035446,
        5.842658047852761,
        5.802340131608782,
        5.645070316448695,
        5.598203586674009,
        5.895649414417724,
        6.1019870253641795,
        5.983427025459346
      ],
      "sigma0": 1.2902505366229404,
      "sigmaT": 5.983427025459346,
      "growth_frac": 3.6374148706964866,
      "slope_vs_sqrt_t": 0.7648677099296697,
      "pinned": false
    },
    {
      "mu2": 2.0,
      "v": 1.4142296459887234,
      "t": [
        0.0,
        0.99,
        1.98,
        2.9699999999999998,
        3.96,
        4.95,
        5.94,
        6.930000000000001,
        7.920000000000001,
        8.91,
        9.9,
        10.89,
        11.88,
        12.870000000000001,
        13.860000000000001,
        14.850000000000001,
        15.840000000000002
      ],
      "sigma": [
        1.2902505366229404,
        5.0832880728859875,
        5.821562817158928,
        4.929469706180912,
        5.017586985432943,
        5.366338235174115,
        5.088938473988959,
        5.163313783817606,
        6.004142919885323,
        6.047061613809006,
        5.939158608024634,
        5.933879398825072,
        6.187895459472733,
        5.922296958123731,
        6.216834438928684,
        6.2349096998975275,
        6.299440275967756
      ],
      "sigma0": 1.2902505366229404,
      "sigmaT": 6.299440275967756,
      "growth_frac": 3.8823388149527185,
      "slope_vs_sqrt_t": 0.8637381411212108,
      "pinned": false
    }
  ],
  "mu_c": null,
  "diffuses_at_mu2_0": true,
  "pinning_found": false
}