{
  "seeds": 20,
  "lamh": 1.0,
  "lamp": 0.8,
  "mu2s": [
    0.0,
    0.5,
    1.0,
    2.0
  ],
  "grid": {
    "Lx": 32.0,
    "Nx": 73,
    "Ny": 18,
    "Nz": 18
  },
  "rows": [
    {
      "mu2": 0.0,
      "v": 0.0,
      "sigma_first": {
        "mean": 3.249561519741266,
        "std": 0.027841451899756987,
        "sem": 0.006225537904014728,
        "n": 20
      },
      "sigma_last": {
        "mean": 3.2622486498716285,
        "std": 0.023836579875641552,
        "sem": 0.0053300212953037995,
        "n": 20
      },
      "sigma_growth": {
        "mean": 0.003959024523219604,
        "std": 0.00980272463935459,
        "sem": 0.002191955865830897,
        "n": 20
      },
      "n_kink_late": {
        "mean": 1.8,
        "std": 0.6155870112510925,
        "sem": 0.13764944032233706,
        "n": 20
      },
      "lifetime_frac": {
        "mean": 0.88125,
        "std": 0.11806415517354157,
        "sem": 0.026399947667412244,
        "n": 20
      },
      "winding_xy": {
        "mean": -3.6999999999999984,
        "std": 20.47617357346158,
        "sem": 4.578611602934488,
        "n": 20
      },
      "pinned": false
    },
    {
      "mu2": 0.5,
      "v": 0.7071067811865476,
      "sigma_first": {
        "mean": 3.2399545774665817,
        "std": 0.035993235778940355,
        "sem": 0.008048332193188823,
        "n": 20
      },
      "sigma_last": {
        "mean": 3.2650558481029686,
        "std": 0.016949474357042093,
        "sem": 0.003790017684523566,
        "n": 20
      },
      "sigma_growth": {
        "mean": 0.007854933132437836,
        "std": 0.01141372492330399,
        "sem": 0.0025521864804991293,
        "n": 20
      },
      "n_kink_late": {
        "mean": 1.5,
        "std": 0.6069769786668839,
        "sem": 0.13572417850765922,
        "n": 20
      },
      "lifetime_frac": {
        "mean": 0.88125,
        "std": 0.1373803306996962,
        "sem": 0.030719175821592195,
        "n": 20
      },
      "winding_xy": {
        "mean": 0.8500000000000012,
        "std": 21.44337709066908,
        "sem": 4.7948848841897735,
        "n": 20
      },
      "pinned": false
    },
    {
      "mu2": 1.0,
      "v": 1.0,
      "sigma_first": {
        "mean": 3.253388472378736,
        "std": 0.02943431818700046,
        "sem": 0.006581713633749139,
        "n": 20
      },
      "sigma_last": {
        "mean": 3.2584258944076936,
        "std": 0.01605675951945935,
        "sem": 0.0035904005783877965,
        "n": 20
      },
      "sigma_growth": {
        "mean": 0.0015976793782625028,
        "std": 0.006809337441483196,
        "sem": 0.001522614140089092,
        "n": 20
      },
      "n_kink_late": {
        "mean": 1.85,
        "std": 0.8127277008872491,
        "sem": 0.1817314386381005,
        "n": 20
      },
      "lifetime_frac": {
        "mean": 0.85625,
        "std": 0.09314497754632434,
        "sem": 0.020827850155627277,
        "n": 20
      },
      "winding_xy": {
        "mean": -11.45,
        "std": 29.215127660349637,
        "sem": 6.5327011419876175,
        "n": 20
      },
      "pinned": false
    },
    {
      "mu2": 2.0,
      "v": 1.4142135623730951,
      "sigma_first": {
        "mean": 3.2634756834993226,
        "std": 0.027617045753267407,
        "sem": 0.00617535916420278,
        "n": 20
      },
      "sigma_last": {
        "mean": 3.2590671445067096,
        "std": 0.013350438958078857,
        "sem": 0.002985248903972579,
        "n": 20
      },
      "sigma_growth": {
        "mean": -0.001300501224984226,
        "std": 0.007162862622944527,
        "sem": 0.0016016647738396406,
        "n": 20
      },
      "n_kink_late": {
        "mean": 1.6,
        "std": 0.5982430416161189,
        "sem": 0.13377121081198773,
        "n": 20
      },
      "lifetime_frac": {
        "mean": 0.83125,
        "std": 0.10938674748942759,
        "sem": 0.024459620322396455,
        "n": 20
      },
      "winding_xy": {
        "mean": -11.15,
        "std": 31.81240241428523,
        "sem": 7.11346943259202,
        "n": 20
      },
      "pinned": false
    }
  ],
  "baseline_growth_mu2_0": 0.003959024523219604,
  "baseline_diffuses": false,
  "h5_discriminating": false,
  "object_created": true,
  "core_pinned_in_collision": false,
  "five_fold": {
    "rest_mass_sineGordon": true,
    "E2_pc2_mc2": true,
    "theta_M_over_r": true,
    "lorentz_isotropy": true,
    "core_pinned": false
  },
  "n_consistencies": 4
}