{
  "params": {
    "rho": 10.0,
    "T": 9.0,
    "betas": [
      0.0,
      0.2,
      0.4,
      0.6,
      0.75,
      0.85
    ],
    "mass_unit": 1.0,
    "n_seeds": 20
  },
  "tau_chain": {
    "0.0": {
      "mean": 37.75,
      "std": 1.8027756377319946,
      "sem": 0.40311288741492746,
      "n": 20
    },
    "0.2": {
      "mean": 36.35,
      "std": 2.323223713087621,
      "sem": 0.5194886149403388,
      "n": 20
    },
    "0.4": {
      "mean": 34.45,
      "std": 2.258900524358558,
      "sem": 0.5051055126875655,
      "n": 20
    },
    "0.6": {
      "mean": 30.2,
      "std": 1.880649383926509,
      "sem": 0.42052598643027744,
      "n": 20
    },
    "0.75": {
      "mean": 25.15,
      "std": 1.8994459025837256,
      "sem": 0.42472901577606537,
      "n": 20
    },
    "0.85": {
      "mean": 19.95,
      "std": 1.8771478925557026,
      "sem": 0.4197430291575022,
      "n": 20
    }
  },
  "tau_vol": {
    "0.0": {
      "mean": 8.983725521683686,
      "std": 0.18546031225085666,
      "sem": 0.04147018653212525,
      "n": 20
    },
    "0.2": {
      "mean": 8.789253888121538,
      "std": 0.20265628183919485,
      "sem": 0.045315322225979573,
      "n": 20
    },
    "0.4": {
      "mean": 8.191606509619715,
      "std": 0.26672041651350914,
      "sem": 0.05964049823112639,
      "n": 20
    },
    "0.6": {
      "mean": 7.205778692335754,
      "std": 0.1966922177038942,
      "sem": 0.0439817169431095,
      "n": 20
    },
    "0.75": {
      "mean": 5.961347479314555,
      "std": 0.21110294537825428,
      "sem": 0.04720405361162016,
      "n": 20
    },
    "0.85": {
      "mean": 4.787396913343513,
      "std": 0.23131385402115484,
      "sem": 0.05172335017287653,
      "n": 20
    }
  },
  "gamma_chain": [
    1.0,
    1.0385144429160935,
    1.0957910014513788,
    1.25,
    1.5009940357852884,
    1.892230576441103
  ],
  "gamma_vol": [
    1.0,
    1.0221260684965503,
    1.0966988601239276,
    1.2467390278359507,
    1.5069957845699424,
    1.8765365989697023
  ],
  "gamma_ref": [
    1.0,
    1.0206207261596576,
    1.0910894511799618,
    1.25,
    1.5118578920369088,
    1.8983159915049976
  ],
  "E_chain": [
    1.0,
    1.0385144429160935,
    1.0957910014513788,
    1.25,
    1.5009940357852884,
    1.892230576441103
  ],
  "E_vol": [
    1.0,
    1.0221260684965503,
    1.0966988601239276,
    1.2467390278359507,
    1.5069957845699424,
    1.8765365989697023
  ],
  "E_ref": [
    1.0,
    1.0206207261596576,
    1.0910894511799618,
    1.25,
    1.5118578920369088,
    1.8983159915049976
  ],
  "rel_dev_chain": 0.005372114840926575,
  "rel_dev_vol": 0.003985633821816264,
  "grows": true,
  "verdict": "D",
  "statement": "E_rede = m*gamma is recovered (rel.dev 0.5%/0.4%, grows with beta), but this is a REINTERPRETATION of R1: gamma is measured purely by R1's causal counting, and E=m*gamma just multiplies it by a rest scale m that M1 could not pin down as a real inertia.  Energy emerges as a consequence of R1+(an assumed m), not as an independent derivation.  Additivity E_tot=E1+E2 for non-interacting clocks holds by construction (the count of a disjoint union is the sum)."
}