{
  "params": {
    "rho": 8.0,
    "tau0": 6.0,
    "rapidities": [
      0.0,
      0.22727272727272727,
      0.45454545454545453,
      0.6818181818181818,
      0.9090909090909091,
      1.1363636363636362,
      1.3636363636363635,
      1.5909090909090908,
      1.8181818181818181,
      2.0454545454545454,
      2.2727272727272725,
      2.5
    ],
    "n_seeds": 20
  },
  "expected_count": 144.0,
  "poisson_counts": [
    140.35,
    144.05,
    145.1,
    144.2,
    144.15,
    143.4,
    145.25,
    143.6,
    141.85,
    144.65,
    147.5,
    149.15
  ],
  "lattice_counts": [
    144.0,
    136.0,
    143.0,
    132.0,
    147.0,
    156.0,
    168.0,
    124.0,
    158.0,
    131.0,
    164.0,
    206.0
  ],
  "cv_poisson": 0.01524731028600244,
  "cv_lattice": 0.14072102471833484,
  "verdict": "B",
  "statement": "The mass proxy (causal-diamond content) is Lorentz invariant for the Poisson network (CV 1.5%) and frame-dependent for the lattice (CV 14.1%).  This is REAL but inherited: it is R1's Poisson Lorentz-invariance applied to the connectivity scale, not an independently derived particle mass."
}