{
  "seed": 31400,
  "dimension": {
    "d4": [
      {
        "N_target": 500,
        "N_mean": 496.0416666666667,
        "f": 0.0990871643405587,
        "d_MM": 4.010893587489103
      },
      {
        "N_target": 1000,
        "N_mean": 998.625,
        "f": 0.10060619894131968,
        "d_MM": 3.992818599206822
      },
      {
        "N_target": 2000,
        "N_mean": 2000.5416666666667,
        "f": 0.09883984718113946,
        "d_MM": 4.013861679797375
      },
      {
        "N_target": 4000,
        "N_mean": 3997.5416666666665,
        "f": 0.10006527102954904,
        "d_MM": 3.9992247465196282
      }
    ],
    "d2": [
      {
        "N_target": 4000,
        "f": 0.49977222130411575,
        "d_MM": 2.000607527972274
      }
    ]
  },
  "volume": {
    "exponent": 4.013769078111622,
    "coef": 1.0368449456326532,
    "taus": [
      2.5,
      2.857142857142857,
      3.2142857142857144,
      3.571428571428571,
      3.928571428571429,
      4.285714285714286,
      4.642857142857142,
      5.0
    ],
    "counts": [
      39.975,
      71.6,
      112.875,
      174.55,
      252.025,
      353.825,
      490.525,
      659.0
    ]
  },
  "causality": {
    "n_links": 1552,
    "acausal_past": 0,
    "acausal_spacelike": 0,
    "ok": true
  },
  "theta_reduction": {
    "max_rel_diff": 2.365710167292217e-06,
    "ok": true
  },
  "trivial_gauge": {
    "pure_gauge_flux": 0.0,
    "cold_flux": 0.0,
    "ok": true
  },
  "checks": {
    "dimension_d4": true,
    "volume_p4": true,
    "causality": true,
    "theta_reduction": true,
    "trivial_gauge": true
  },
  "verdict": "SIM"
}