{
  "seed": 27182,
  "L": 12,
  "n_therm": 240,
  "n_meas": 30,
  "results": [
    {
      "lambda": 0.2,
      "rho_M": 0.41327160493827164,
      "rho_M_std": 0.009584765230693503,
      "net_charge_mean": 0.0,
      "plaq_cos_mean": 0.09803322687773752,
      "charge_hist": [
        0.0,
        8.533333333333333,
        348.3666666666667,
        1013.8666666666667,
        349.03333333333336,
        8.2,
        0.0
      ],
      "correlation": [
        0.4423225308641976,
        -0.075462962962963,
        0.0017425411522633744,
        -0.0012731481481481483,
        -0.0010931069958847735,
        0.00021862139917695455,
        -0.0018647119341563777
      ]
    },
    {
      "lambda": 0.5,
      "rho_M": 0.3421103395061728,
      "rho_M_std": 0.012862404947148279,
      "net_charge_mean": 0.0,
      "plaq_cos_mean": 0.24473255843223246,
      "charge_hist": [
        0.0,
        2.6666666666666665,
        292.9,
        1136.8333333333333,
        292.96666666666664,
        2.6333333333333333,
        0.0
      ],
      "correlation": [
        0.35131172839506175,
        -0.057722479423868316,
        -0.00041795267489711923,
        0.00045653292181069955,
        -0.0019032921810699592,
        0.0025398662551440326,
        -0.00023148148148148152
      ]
    },
    {
      "lambda": 0.8,
      "rho_M": 0.25864197530864197,
      "rho_M_std": 0.010490280582602273,
      "net_charge_mean": 0.0,
      "plaq_cos_mean": 0.38335264421965753,
      "charge_hist": [
        0.0,
        0.4,
        223.2,
        1281.0666666666666,
        222.66666666666666,
        0.6666666666666666,
        0.0
      ],
      "correlation": [
        0.26049382716049385,
        -0.040123456790123455,
        -0.001337448559670782,
        0.000925925925925926,
        0.00014789094650205766,
        -0.00010931069958847722,
        0.0006815843621399175
      ]
    },
    {
      "lambda": 1.0,
      "rho_M": 0.19702932098765433,
      "rho_M_std": 0.011331104558579082,
      "net_charge_mean": 0.0,
      "plaq_cos_mean": 0.47305292854813336,
      "charge_hist": [
        0.0,
        0.2,
        170.03333333333333,
        1387.5333333333333,
        170.03333333333333,
        0.2,
        0.0
      ],
      "correlation": [
        0.19772376543209877,
        -0.029050925925925935,
        -0.001343878600823045,
        -0.00039866255144032926,
        -0.0001736111111111111,
        0.00023148148148148152,
        0.0007458847736625513
      ]
    },
    {
      "lambda": 1.5,
      "rho_M": 0.05725308641975309,
      "rho_M_std": 0.006223748404344377,
      "net_charge_mean": 0.0,
      "plaq_cos_mean": 0.6849316577238128,
      "charge_hist": [
        0.0,
        0.0,
        49.46666666666667,
        1629.0666666666666,
        49.46666666666667,
        0.0,
        0.0
      ],
      "correlation": [
        0.05725308641975309,
        -0.005516975308641977,
        -0.00023148148148148146,
        -5.1440329218106995e-05,
        0.0002636316872427984,
        -0.0002186213991769547,
        -0.00012860082304526747
      ]
    },
    {
      "lambda": 2.0,
      "rho_M": 0.00636574074074074,
      "rho_M_std": 0.0019539285898303393,
      "net_charge_mean": 0.0,
      "plaq_cos_mean": 0.8045126883223807,
      "charge_hist": [
        0.0,
        0.0,
        5.5,
        1717.0,
        5.5,
        0.0,
        0.0
      ],
      "correlation": [
        0.00636574074074074,
        -0.0004372427983539094,
        -6.430041152263374e-06,
        -1.2860082304526749e-05,
        -1.2860082304526749e-05,
        6.430041152263374e-06,
        -3.8580246913580246e-05
      ]
    },
    {
      "lambda": 3.0,
      "rho_M": 0.0038966049382716046,
      "rho_M_std": 0.0005577481595216419,
      "net_charge_mean": 0.0,
      "plaq_cos_mean": 0.8761181458057032,
      "charge_hist": [
        0.0,
        0.0,
        3.3666666666666667,
        1721.2666666666667,
        3.3666666666666667,
        0.0,
        0.0
      ],
      "correlation": [
        0.0038966049382716055,
        -1.2860082304526749e-05,
        1.2860082304526749e-05,
        -6.430041152263374e-06,
        -1.9290123456790123e-05,
        -3.8580246913580246e-05,
        1.2860082304526749e-05
      ]
    },
    {
      "lambda": 5.0,
      "rho_M": 0.006712962962962962,
      "rho_M_std": 0.0007560153527108573,
      "net_charge_mean": 0.0,
      "plaq_cos_mean": 0.9202096167377894,
      "charge_hist": [
        0.0,
        0.0,
        5.8,
        1716.4,
        5.8,
        0.0,
        0.0
      ],
      "correlation": [
        0.006712962962962963,
        0.0,
        -5.1440329218106995e-05,
        0.0,
        0.0,
        0.0,
        0.0
      ]
    }
  ],
  "rho_M_range": [
    0.0038966049382716046,
    0.41327160493827164
  ],
  "exists": true,
  "proliferates": true,
  "screened": true,
  "lambda_crossover": 1.5,
  "confining_window": "lambda_p <= 1.5",
  "verdict": "SIM"
}