{
  "seed": 16180,
  "L": 12,
  "Rmax": 5,
  "sigma_threshold": 0.1,
  "results": [
    {
      "lambda": 0.5,
      "loops": {
        "1x1": 0.24637542727823653,
        "1x2": 0.05999642825232947,
        "1x3": 0.015871125771072418,
        "1x4": 0.00506318222145964,
        "1x5": 0.0012381072999129328,
        "2x1": 0.059224908942145785,
        "2x2": 0.0020500140705831302,
        "2x3": -0.0002913242052677813,
        "2x4": 0.00010429114968970977,
        "2x5": -0.003690630910246603,
        "3x1": 0.01330346804177172,
        "3x2": 0.0004516465455624057,
        "3x3": 0.0037464826321914795,
        "3x4": 0.0015118700474912948,
        "3x5": 0.0003904471169973436,
        "4x1": 0.0028606081506923394,
        "4x2": 0.001006656022298023,
        "4x3": -0.0008696507384228917,
        "4x4": -0.00046760235031857733,
        "4x5": -0.002090435897445326,
        "5x1": 0.0026026053984539122,
        "5x2": 0.0001706241439415385,
        "5x3": -0.0007259937857011717,
        "5x4": -0.0003644554287737767,
        "5x5": 0.0007469499976194985
      },
      "creutz": {
        "2": 1.9509240873189035,
        "3": NaN,
        "4": NaN,
        "5": NaN
      },
      "sigma": 1.9509240873189035,
      "area_law": true,
      "V_of_R": {
        "1": 1.3388342872988328,
        "2": NaN,
        "3": 1.5696436043355182,
        "4": NaN,
        "5": 1.439902462532582
      },
      "V_slope": 0.025267043808437386
    },
    {
      "lambda": 0.8,
      "loops": {
        "1x1": 0.38070545287359864,
        "1x2": 0.1468186603323359,
        "1x3": 0.05659800399118704,
        "1x4": 0.021523307435732292,
        "1x5": 0.008014617253931308,
        "2x1": 0.1476726516562583,
        "2x2": 0.023229550598764758,
        "2x3": 0.002444066825040755,
        "2x4": -0.00046926856644020703,
        "2x5": 0.00018861109562416683,
        "3x1": 0.060339529030255565,
        "3x2": 0.002432257978213985,
        "3x3": -0.0007840958947899813,
        "3x4": -0.00025862224518479143,
        "3x5": 0.00040777620300597937,
        "4x1": 0.022529607942560377,
        "4x2": 0.0012585148475444323,
        "4x3": -0.0018611779818535426,
        "4x4": 0.00048001012577405557,
        "4x5": 0.0028876979065735253,
        "5x1": 0.009595624732780365,
        "5x2": -0.00036780868201904466,
        "5x3": 0.0005857550200833296,
        "5x4": -0.0026152354342125128,
        "5x5": -0.0002640964422968699
      },
      "creutz": {
        "2": 0.896745045605294,
        "3": NaN,
        "4": NaN,
        "5": NaN
      },
      "sigma": 0.896745045605294,
      "area_law": true,
      "V_of_R": {
        "1": 0.9652976495562454,
        "2": 1.7151646715956204,
        "3": 1.5609584112195063,
        "4": 1.1694591332819675,
        "5": NaN
      },
      "V_slope": 0.04582781908010533
    },
    {
      "lambda": 1.0,
      "loops": {
        "1x1": 0.47419007201858054,
        "1x2": 0.2275795997238368,
        "1x3": 0.10817748486871781,
        "1x4": 0.05246133534731756,
        "1x5": 0.026130349163420115,
        "2x1": 0.22617140443077463,
        "2x2": 0.05360327988141853,
        "2x3": 0.013688618906904954,
        "2x4": 0.005120463393468594,
        "2x5": 0.0009303552166304789,
        "3x1": 0.10968539771472449,
        "3x2": 0.013695306237560082,
        "3x3": -3.433751386022711e-05,
        "3x4": -0.0009161414196605735,
        "3x5": -0.0006803638866786186,
        "4x1": 0.05392198688278178,
        "4x2": 0.0044372061915506035,
        "4x3": 0.0019136864015796978,
        "4x4": 0.001627135620688403,
        "4x5": 0.00274677475027017,
        "5x1": 0.027786809869591783,
        "5x2": 0.0011286471343295201,
        "5x3": -0.0006624935216641228,
        "5x4": -0.0014634257772627307,
        "5x5": 9.087345805380495e-07
      },
      "creutz": {
        "2": 0.7055747094274397,
        "3": NaN,
        "4": NaN,
        "5": NaN
      },
      "sigma": 0.7055747094274397,
      "area_law": true,
      "V_of_R": {
        "1": 0.728931567397866,
        "2": 1.3959888182752969,
        "3": NaN,
        "4": 1.1794655747353144,
        "5": 2.7822425552027394
      },
      "V_slope": 0.3890098732069764
    },
    {
      "lambda": 1.5,
      "loops": {
        "1x1": 0.6890637420400008,
        "1x2": 0.4904160162049574,
        "1x3": 0.3514120519003684,
        "1x4": 0.253487322455883,
        "1x5": 0.18255137048274792,
        "2x1": 0.488708060343947,
        "2x2": 0.2617479128017658,
        "2x3": 0.14339534379506252,
        "2x4": 0.0837902657028012,
        "2x5": 0.04889496098434708,
        "3x1": 0.3484504261791075,
        "3x2": 0.14402733939827797,
        "3x3": 0.06272640666867815,
        "3x4": 0.030747668488754366,
        "3x5": 0.013726310122853063,
        "4x1": 0.24919367720822713,
        "4x2": 0.07984934922099726,
        "4x3": 0.024911579815382827,
        "4x4": 0.010827932700237158,
        "4x5": 0.0037279124644709004,
        "5x1": 0.1783394902346251,
        "5x2": 0.04336241436542611,
        "5x3": 0.00611525597495619,
        "5x4": 0.002059607648121782,
        "5x5": 0.0005278961161393318
      },
      "creutz": {
        "2": 0.2843036848549302,
        "3": 0.2294442024069279,
        "4": 0.12023524371425967,
        "5": 0.29509052655445334
      },
      "sigma": 0.2294442024069279,
      "area_law": true,
      "V_of_R": {
        "1": 0.340144732694199,
        "2": 0.603616187033184,
        "3": 0.8576881681850242,
        "4": 1.1183813725989693,
        "5": 1.509322208670379
      },
      "V_slope": 0.2853120137518146
    },
    {
      "lambda": 2.0,
      "loops": {
        "1x1": 0.8034585721520694,
        "1x2": 0.6669290949368121,
        "1x3": 0.556942008160086,
        "1x4": 0.4656983261264239,
        "1x5": 0.38995858431460517,
        "2x1": 0.666856445076163,
        "2x2": 0.48480020390068485,
        "2x3": 0.3594132121765531,
        "2x4": 0.2673696361184398,
        "2x5": 0.20017435713386114,
        "3x1": 0.55771381364755,
        "3x2": 0.35927378780361974,
        "3x3": 0.2418129710946344,
        "3x4": 0.16520876668498188,
        "3x5": 0.11504199607023569,
        "4x1": 0.46541733993189716,
        "4x2": 0.2663755004825935,
        "4x3": 0.16389628165183096,
        "4x4": 0.10192212533702763,
        "4x5": 0.06500469571747101,
        "5x1": 0.38822876911080434,
        "5x2": 0.19835580405927494,
        "5x3": 0.11262233611341803,
        "5x4": 0.06514720175053754,
        "5x5": 0.03884447659134101
      },
      "creutz": {
        "2": 0.13259605384808945,
        "3": 0.09665603739881029,
        "4": 0.0940701003440831,
        "5": 0.06733392224332631
      },
      "sigma": 0.09665603739881029,
      "area_law": true,
      "V_of_R": {
        "1": 0.18834294791250977,
        "2": 0.32171330130984205,
        "3": 0.43249160681252186,
        "4": 0.5466591539777135,
        "5": 0.6496378769914058
      },
      "V_slope": 0.1147535710825664
    },
    {
      "lambda": 3.0,
      "loops": {
        "1x1": 0.8774107832015954,
        "1x2": 0.7854761753937438,
        "1x3": 0.7062812260274285,
        "1x4": 0.63553885496031,
        "1x5": 0.5724461973765094,
        "2x1": 0.7853191289005138,
        "2x2": 0.6500707259331627,
        "2x3": 0.5455173967858455,
        "2x4": 0.45775824858160813,
        "2x5": 0.38310379507575415,
        "3x1": 0.7049728340686429,
        "3x2": 0.542908969018867,
        "3x3": 0.4276745229965103,
        "3x4": 0.3362947230827743,
        "3x5": 0.26209611237168157,
        "4x1": 0.6326348378379286,
        "4x2": 0.4538643875031121,
        "4x3": 0.3363914545492953,
        "4x4": 0.2479059009905787,
        "4x5": 0.17947365787780498,
        "5x1": 0.5669259987232843,
        "5x2": 0.37810086679359334,
        "5x3": 0.26382785360080685,
        "5x4": 0.18178438528899868,
        "5x5": 0.1210319864442091
      },
      "creutz": {
        "2": 0.07832385083450231,