{
  "what": "Metropolis MC on the network density field theta=delta rho/rho0 under the BD action + point source; rho(r) emerges with NO profile imposed.",
  "D": 3,
  "n_bins": 40,
  "r_range": [
    1.0,
    60.0
  ],
  "r_core": 4.0,
  "K_stiff": 1.0,
  "kappa_M": 1.0,
  "temp": 0.02,
  "step": 0.05,
  "n_sweeps": 60000,
  "n_burn": 15000,
  "seed": 161803398,
  "accept_rate": 0.2651047962290797,
  "conservation_sum_theta_V": 1.1155520951433573e-11,
  "r_centers": [
    1.0538903331106444,
    1.1674793353374857,
    1.2933110358997475,
    1.4327049609803675,
    1.587122856173377,
    1.7581840149867785,
    1.947682259461674,
    2.1576047509738387,
    2.390152828476017,
    2.64776509269986,
    2.9331429783885237,
    3.249279082721534,
    3.5994885469961595,
    3.9874438206473046,
    4.417213172156632,
    4.893303350693127,
    5.420706845853697,
    6.004954241090111,
    6.652172209823156,
    7.36914776241664,
    8.163399417733025,
    9.043256045606773,
    10.017944207011968,
    11.09768490781142,
    12.293800780689276,
    13.618834819223768,
    15.086681909197392,
    16.712734536439353,
    18.51404419915633,
    20.50950021739179,
    22.720027814687946,
    25.168807549121226,
    27.881518394760917,
    30.88660702260937,
    34.21558610482134,
    37.90336477035086,
    41.98861467732782,
    46.514175540959194,
    51.527504369497755,
    57.0811731191626
  ],
  "rho_mc_over_rho0": [
    1.3207522439611814,
    1.3198905947819946,
    1.3185121787731457,
    1.3176105915022147,
    1.315957885654081,
    1.3129809928401892,
    1.3091909897625542,
    1.3041181260927095,
    1.2966804784103552,
    1.287589685987275,
    1.2765139983408667,
    1.2629371589637737,
    1.2467385329098644,
    1.2269949446422925,
    1.2026512928107596,
    1.1807248489156992,
    1.1608266420313675,
    1.1430697902692617,
    1.1269163124427828,
    1.112450987883105,
    1.0992904813752749,
    1.0873789424706666,
    1.0762417239150042,
    1.065976488645955,
    1.056852538503508,
    1.0486110646608064,
    1.0408119868802186,
    1.0340823219998727,
    1.0273338065539965,
    1.0210495372255757,
    1.015522084779996,
    1.0107573023301146,
    1.0070213620609914,
    1.004036811003171,
    1.0015833827916174,
    0.9996498464102345,
    0.9981112610597993,
    0.9965462205220604,
    0.9954195047474784,
    0.99482284862328
  ],
  "theta_mc": [
    0.32075224396118146,
    0.31989059478199455,
    0.31851217877314564,
    0.3176105915022147,
    0.315957885654081,
    0.3129809928401892,
    0.30919098976255416,
    0.3041181260927096,
    0.2966804784103551,
    0.28758968598727513,
    0.2765139983408666,
    0.2629371589637737,
    0.24673853290986433,
    0.22699494464229247,
    0.2026512928107596,
    0.1807248489156991,
    0.1608266420313675,
    0.14306979026926178,
    0.12691631244278279,
    0.11245098788310515,
    0.0992904813752749,
    0.08737894247066652,
    0.07624172391500425,
    0.065976488645955,
    0.05685253850350789,
    0.04861106466080648,
    0.04081198688021866,
    0.03408232199987281,
    0.027333806553996535,
    0.02104953722557576,
    0.015522084779995993,
    0.010757302330114649,
    0.007021362060991326,
    0.0040368110031710775,
    0.0015833827916173836,
    -0.0003501535897655553,
    -0.001888738940200673,
    -0.0034537794779395566,
    -0.004580495252521556,
    -0.005177151376720083
  ],
  "network_responded_to_source": true,
  "fit_theta=A/r+C_A": 1.0283594371891938,
  "fit_theta=A/r+C_C": -0.028131966218275784,
  "conservation_offset_C_predicted": -0.025701963535321285,
  "offset_is_conservation": true,
  "tail_exponent_raw": -1.9846613284315877,
  "tail_exponent_offset_removed": -1.018015826142093,
  "exponent_is_-1_within_0.2": true,
  "COMPARISON_far_field_corr_vs_P2": 0.9991491468213691,
  "COMPARISON_far_field_max_rel_err_vs_P2": 0.006198404930048858,
  "verdict": "PASSA",
  "note": "d=3 (shell measure r^{d-1}) is geometric input, like the metric in P2/P3; the 1/r PROFILE and -1 exponent are OUTPUT -- the network finds them with no shape imposed (contrast P3, which imposed f=1-2M/r). Conservation adds a constant offset C (theta = A/r + C).",
  "timestamp_utc": "2026-06-05T22:25:07Z"
}