{
  "n_seeds": 6,
  "T_ticks": 16.0,
  "core_flux_initial_mean": 1.0129010481748923,
  "core_flux_final_mean": 0.17850623730472145,
  "core_flux_final_std": 0.0012789125498363285,
  "enclosed_final_mean": 0.0,
  "winding_diffuses": true,
  "enclosed_leaves_core": true,
  "faithful_to_CR3D": true,
  "trajectory_seed0": {
    "t": [
      0.0,
      1.0,
      2.0,
      3.0,
      4.0,
      5.0,
      6.0,
      7.0,
      8.0,
      9.0,
      10.0,
      11.0,
      12.0,
      13.0,
      14.0,
      15.0,
      16.0
    ],
    "core_flux": [
      1.0122967003528993,
      0.31254055899005767,
      0.3050920720798459,
      0.2722742517201986,
      0.27586464847312364,
      0.40566724970198215,
      0.2979546175763354,
      0.2760003459056667,
      0.279906917432836,
      0.3515994472464588,
      0.259118965458705,
      0.27388340796158156,
      0.2818835328012458,
      0.23575330217132265,
      0.3412364827508154,
      0.34895787983593723,
      0.17868802530663894
    ],
    "enclosed": [
      1.0,
      0.0,
      0.0,
      0.0,
      0.0,
      0.0,
      0.0,
      0.0,
      0.0,
      0.0,
      0.0,
      0.0,
      0.0,
      0.0,
      0.0,
      0.0,
      0.0
    ]
  },
  "timestamp_utc": "2026-06-10T00:23:36Z"
}