{
  "n_seeds": 8,
  "f_values": [
    0.0,
    0.25,
    0.5,
    0.75,
    1.0
  ],
  "T_ticks": 16.0,
  "K": 1.0,
  "rows": [
    {
      "f": 0.0,
      "weight_wilson": false,
      "core_flux_late_mean": 0.27522553779013514,
      "core_flux_late_std": 0.0011070601705447495,
      "enclosed_retained_frac": 0.0,
      "core_rho_min_mean": 1.0,
      "blowups": 0,
      "n_seeds": 8,
      "traj": {
        "t": [
          0.0,
          1.0,
          2.0,
          3.0,
          4.0,
          5.0,
          6.0,
          7.0,
          8.0,
          9.0,
          10.0,
          11.0,
          12.0,
          13.0,
          14.0,
          15.0,
          16.0
        ],
        "core_flux": [
          1.016916024479811,
          0.306361610129771,
          0.30512600857456884,
          0.27306018444627067,
          0.2774983242098869,
          0.4073808624482568,
          0.2983528389995313,
          0.27280867203260895,
          0.27981612289379887,
          0.35301309333650105,
          0.26107220568709505,
          0.27121290251559504,
          0.2844055836631015,
          0.23425756775696274,
          0.3426561195126147,
          0.35043407044242525,
          0.18092817532453398
        ],
        "enclosed": [
          1.0,
          0.0,
          0.0,
          0.0,
          0.0,
          0.0,
          0.0,
          0.0,
          0.0,
          0.0,
          0.0,
          0.0,
          0.0,
          0.0,
          0.0,
          0.0,
          0.0
        ]
      }
    },
    {
      "f": 0.25,
      "weight_wilson": false,
      "core_flux_late_mean": 0.26986307039588187,
      "core_flux_late_std": 0.0006248200637718585,
      "enclosed_retained_frac": 0.0,
      "core_rho_min_mean": 0.75,
      "blowups": 0,
      "n_seeds": 8,
      "traj": {
        "t": [
          0.0,
          1.0,
          2.0,
          3.0,
          4.0,
          5.0,
          6.0,
          7.0,
          8.0,
          9.0,
          10.0,
          11.0,
          12.0,
          13.0,
          14.0,
          15.0,
          16.0
        ],
        "core_flux": [
          1.016916024479811,
          0.3125041162890913,
          0.35681342377848024,
          0.39798150221119816,
          0.184863048858685,
          0.3930802044016487,
          0.40100295710237327,
          0.2683941864512035,
          0.43927660891373743,
          0.29215867313428256,
          0.2982173335283591,
          0.2766837293901019,
          0.289390506822412,
          0.33142350469408643,
          0.2585826790634309,
          0.2282551473234249,
          0.20752848326034326
        ],
        "enclosed": [
          1.0,
          0.0,
          0.0,
          0.0,
          0.0,
          0.0,
          0.0,
          0.0,
          0.0,
          0.0,
          0.0,
          0.0,
          0.0,
          0.0,
          0.0,
          0.0,
          0.0
        ]
      }
    },
    {
      "f": 0.5,
      "weight_wilson": false,
      "core_flux_late_mean": 0.2512454397231814,
      "core_flux_late_std": 0.0008631028393941837,
      "enclosed_retained_frac": 0.0,
      "core_rho_min_mean": 0.5,
      "blowups": 0,
      "n_seeds": 8,
      "traj": {
        "t": [
          0.0,
          1.0,
          2.0,
          3.0,
          4.0,
          5.0,
          6.0,
          7.0,
          8.0,
          9.0,
          10.0,
          11.0,
          12.0,
          13.0,
          14.0,
          15.0,
          16.0
        ],
        "core_flux": [
          1.016916024479811,
          0.3205376732486508,
          0.4217272672268161,
          0.47747555524437946,
          0.2511623922114144,
          0.297836978312899,
          0.35602106363926356,
          0.33656295158609567,
          0.3376979762261234,
          0.23968201731211675,
          0.2791446896309089,
          0.2761208066151768,
          0.27559320890389694,
          0.2691194670508592,
          0.18400419932953838,
          0.21352106655759417,
          0.2629825912285601
        ],
        "enclosed": [
          1.0,
          0.0,
          0.0,
          0.0,
          0.0,
          0.0,
          0.0,
          0.0,
          0.0,
          0.0,
          0.0,
          0.0,
          0.0,
          0.0,
          0.0,
          0.0,
          0.0
        ]
      }
    },
    {
      "f": 0.75,
      "weight_wilson": false,
      "core_flux_late_mean": 0.2925823610452618,
      "core_flux_late_std": 0.000654854475058334,
      "enclosed_retained_frac": 0.0,
      "core_rho_min_mean": 0.25,
      "blowups": 0,
      "n_seeds": 8,
      "traj": {
        "t": [
          0.0,
          1.0,
          2.0,
          3.0,
          4.0,
          5.0,
          6.0,
          7.0,
          8.0,
          9.0,
          10.0,
          11.0,
          12.0,
          13.0,
          14.0,
          15.0,
          16.0
        ],
        "core_flux": [
          1.016916024479811,
          0.3262707066044719,
          0.4579481896600728,
          0.4391256217444158,
          0.31058055849126714,
          0.3430576207945351,
          0.33925407315297684,
          0.33248520856435193,
          0.2882219999697222,
          0.2964490956686332,
          0.2714071194342911,
          0.32939578353867,
          0.19231954186700953,
          0.37436871814192085,
          0.355011016693601,
          0.22195360380090032,
          0.3048904293569896
        ],
        "enclosed": [
          1.0,
          0.0,
          0.0,
          0.0,
          0.0,
          0.0,
          0.0,
          0.0,
          0.0,
          0.0,
          0.0,
          0.0,
          0.0,
          0.0,
          0.0,
          0.0,
          0.0
        ]
      }
    },
    {
      "f": 1.0,
      "weight_wilson": false,
      "core_flux_late_mean": 0.33575377840952475,
      "core_flux_late_std": 0.0007200728012331498,
      "enclosed_retained_frac": 0.0,
      "core_rho_min_mean": 0.15,
      "blowups": 0,
      "n_seeds": 8,
      "traj": {
        "t": [
          0.0,
          1.0,
          2.0,
          3.0,
          4.0,
          5.0,
          6.0,
          7.0,
          8.0,
          9.0,
          10.0,
          11.0,
          12.0,
          13.0,
          14.0,
          15.0,
          16.0
        ],
        "core_flux": [
          1.016916024479811,
          0.3289842205150838,
          0.4560097442217605,
          0.3975656968021913,
          0.32224095519809925,
          0.35523479906987726,
          0.2640193727221821,
          0.3582361489163806,
          0.34760892621886097,
          0.2713951923457009,
          0.34649350211807606,
          0.43576855977398676,
          0.3256797372554034,
          0.31116490613002784,
          0.27876471452988344,
          0.36773031779710696,
          0.27849772387976546
        ],
        "enclosed": [
          1.0,
          0.0,
          0.0,
          0.0,
          0.0,
          0.0,
          0.0,
          0.0,
          0.0,
          0.0,
          0.0,
          0.0,
          0.0,
          0.0,
          0.0,
          0.0,
          0.0
        ]
      }
    }
  ],
  "robustness_f1_wilson": {
    "f": 1.0,
    "weight_wilson": true,
    "core_flux_late_mean": 0.3651340453512344,
    "core_flux_late_std": 0.0009107608364567857,
    "enclosed_retained_frac": 0.0,
    "core_rho_min_mean": 0.15,
    "blowups": 0,
    "n_seeds": 8,
    "traj": {
      "t": [
        0.0,
        1.0,
        2.0,
        3.0,
        4.0,
        5.0,
        6.0,
        7.0,
        8.0,
        9.0,
        10.0,
        11.0,
        12.0,
        13.0,
        14.0,
        15.0,
        16.0
      ],