{
  "config": {
    "rho": 0.5,
    "J": 2.0,
    "Ls": [
      4.4,
      5.4,
      6.4,
      7.4
    ],
    "n_seeds": 12,
    "n_burn": 300,
    "n_meas": 60,
    "meas_every": 2
  },
  "rows": [
    {
      "L": 4.4,
      "rho": 0.5,
      "J": 2.0,
      "N_mean": 175.25,
      "N_min": 159,
      "N_max": 192,
      "degree_mean": 16.934340390178882,
      "m_mean": 0.9610616847521989,
      "m_sem": 0.0013075764578626267,
      "m2": 0.9236700724645606,
      "m4": 0.8532784754078043,
      "U4": 0.6666228797255516,
      "random_floor": 0.0755389574600498,
      "n_seeds": 12
    },
    {
      "L": 5.4,
      "rho": 0.5,
      "J": 2.0,
      "N_mean": 405.0,
      "N_min": 382,
      "N_max": 432,
      "degree_mean": 29.18480089986764,
      "m_mean": 0.9789868310142995,
      "m_sem": 0.0004437114974752046,
      "m2": 0.9584186015839432,
      "m4": 0.9185791766221939,
      "U4": 0.6666619634092608,
      "random_floor": 0.049690399499995326,
      "n_seeds": 12
    },
    {
      "L": 6.4,
      "rho": 0.5,
      "J": 2.0,
      "N_mean": 810.8333333333334,
      "N_min": 778,
      "N_max": 848,
      "degree_mean": 44.72051018790791,
      "m_mean": 0.9868180499238534,
      "m_sem": 0.00013971941800783406,
      "m2": 0.9738103005827011,
      "m4": 0.9483082029275361,
      "U4": 0.6666660686158035,
      "random_floor": 0.03511835809125611,
      "n_seeds": 12
    },
    {
      "L": 7.4,
      "rho": 0.5,
      "J": 2.0,
      "N_mean": 1461.8333333333333,
      "N_min": 1418,
      "N_max": 1512,
      "degree_mean": 63.66789671162278,
      "m_mean": 0.9909777141716741,
      "m_sem": 7.043690327637983e-05,
      "m2": 0.9820369408693307,
      "m4": 0.9643969887620353,
      "U4": 0.6666665161303751,
      "random_floor": 0.026154779901315147,
      "n_seeds": 12
    }
  ],
  "m_trend_dlnm_dlnN": 0.014429585730017238,
  "random_floor_trend": -0.5,
  "ratio_to_floor": [
    12.722729000601769,
    19.701729929025657,
    28.099777539700945,
    37.88897164918771
  ],
  "verdict": "SUCCESS: long-range order is genuine -- m(N) stays >>(random floor) (ratio 13-38x), m-trend dlnm/dlnN=+0.014 (random floor would be -0.5), U4=0.67-0.67 ~ 2/3.",
  "verdict_tag": "SUCCESS_LRO",
  "runtime_s": 28.698925256729126
}