{
  "config": {
    "L": 16.0,
    "N": 52,
    "dx": 0.3137254901960782,
    "e_sk": 4.0,
    "dt_frac": 0.012,
    "c_magnon": 0.9797263370679329,
    "v_list": [
      0.5,
      0.9,
      0.99
    ],
    "gate_steps": 600
  },
  "G1_skyrme_grad": {
    "max_abs_diff": 1.932262385651029e-07,
    "max_rel_diff": 3.248237278027427e-09,
    "grad_scale": 59.486491295501764,
    "ok": true
  },
  "G2_resolution": {
    "core_pts": 11.050000000000008,
    "fl3_core_pts": 7.360226468506724,
    "r_half": 1.7333333333333334,
    "ok": true
  },
  "G3_flight_stability": {
    "B_band": [
      0.005608903549159396,
      0.9615105695262631
    ],
    "max_peaks": 1,
    "E_drift": 0.258214253733064,
    "ok": false
  },
  "G4_energetics": {
    "M_Sk_lattice": 300.0753628791248,
    "M_Sk_B": 0.9629728491155366,
    "E_threshold_2Mc2": 576.0628935100565,
    "ke_table": {
      "0.5": {
        "KE": 10.10269374322782,
        "ratio": 0.017537483939766126
      },
      "0.9": {
        "KE": 32.720204479712194,
        "ratio": 0.05679970858796686
      },
      "0.99": {
        "KE": 39.589060202324816,
        "ratio": 0.0687235033680115
      }
    },
    "boost_power_p": 1.999350634261397,
    "KE_ratio_at_c": 0.07011835957781544
  },
  "gate_pass": false,
  "runtime_s": 427.61592268943787,
  "timestamp_utc": "2026-06-15T22:11:55Z"
}