{
  "D1_flat": {
    "32": {
      "E_over_E1": [
        3.3254811769286423,
        1.82225650816941,
        1.4039317468396568,
        1.186196663411209,
        1.0804980038215555,
        1.02390416455917,
        0.9938225542198887,
        0.9841808584970118,
        1.0,
        0.9997011542040855,
        1.0004872406563377,
        1.0001762589426075,
        1.0077985765747561,
        1.012397273889653,
        1.0114909866896644,
        1.0259669289435531
      ],
      "B": [
        0.9999999999984384,
        0.999999999998485,
        0.9999999999984923,
        0.9999999999984952,
        0.9999999999984968,
        0.9999999999984979,
        0.9999999999984981,
        0.9999999999984986,
        0.9999999999984996,
        0.9999999999984981,
        0.9999999999984974,
        0.9999999999984962,
        0.9999999999984927,
        0.9999999999984799,
        0.9999999999984472,
        0.999999999998434
      ],
      "interior_min": false,
      "lambda_star": 0.85,
      "left_rise": 2.378932996123435,
      "right_rise": 0.042457715048791755
    },
    "48": {
      "E_over_E1": [
        3.249166956053455,
        1.8492337363970912,
        1.3855044732343145,
        1.1886339811811104,
        1.07721160242894,
        1.019809123845956,
        0.9954320410161035,
        0.9837998799646369,
        1.0,
        0.9999019951770056,
        1.0003215968421906,
        1.0001105185667412,
        1.005603122656817,
        1.0102232458513203,
        1.009901770472763,
        1.0152067119586428
      ],
      "B": [
        0.9999999999984739,
        0.9999999999984933,
        0.9999999999984964,
        0.9999999999984978,
        0.9999999999984986,
        0.9999999999984994,
        0.9999999999984992,
        0.9999999999984993,
        0.9999999999985,
        0.9999999999984986,
        0.9999999999984988,
        0.9999999999984983,
        0.999999999998497,
        0.9999999999984921,
        0.9999999999984776,
        0.9999999999984662
      ],
      "interior_min": false,
      "lambda_star": 0.85,
      "left_rise": 2.3026706164776596,
      "right_rise": 0.03192400470219083
    },
    "64": {
      "E_over_E1": [
        3.2110844816077124,
        1.8446675355747353,
        1.3971927149041268,
        1.1853610440496585,
        1.0755283821282986,
        1.0189191144520358,
        0.9920222904616811,
        0.9841994702391629,
        1.0,
        0.9998857479191502,
        1.0001871106911258,
        1.0000809401016848,
        1.0047052828124519,
        1.0078924391774473,
        1.0082625023497944,
        1.0104250857256374
      ],
      "B": [
        0.9999999999984853,
        0.9999999999984964,
        0.9999999999984981,
        0.9999999999984985,
        0.9999999999984996,
        0.9999999999984993,
        0.9999999999984994,
        0.9999999999985,
        0.9999999999985001,
        0.9999999999984998,
        0.9999999999984989,
        0.9999999999984992,
        0.9999999999984989,
        0.9999999999984953,
        0.9999999999984875,
        0.9999999999984803
      ],
      "interior_min": false,
      "lambda_star": 0.85,
      "left_rise": 2.262635856558032,
      "right_rise": 0.026646646619411022
    }
  },
  "D2_scaling": {
    "L": [
      16,
      24,
      32,
      48,
      64,
      80
    ],
    "E": [
      115.01676054775524,
      176.35902298541157,
      237.72631481549715,
      360.48639777135384,
      483.2593625237176,
      606.0375157049446
    ],
    "slope": 7.672407195429743,
    "intercept": -7.771687540795267,
    "r2_linear": 0.9999999893920712,
    "marginal": true
  },
  "D3_curvature": {
    "3.0": {
      "E_over_E1": [
        2.8948994440403664,
        1.7073275144383382,
        1.3187509843528902,
        1.1554747580649194,
        1.0638708606009126,
        1.017230548975752,
        0.9970046678344266,
        0.9872823623798592,
        1.0,
        0.9991837853740834,
        0.9996675039980437,
        0.9993512814537996,
        1.0061862497732101,
        1.0100554652206533,
        1.009173733439885,
        1.0132307283899535
      ],
      "interior_min": false,
      "lambda_star": 0.85,
      "left_rise": 1.9321899735574806,
      "right_rise": 0.026282618832109368
    },
    "6.0": {
      "E_over_E1": [
        2.698780589170361,
        1.6287696879209406,
        1.2817969387402606,
        1.1371181528290335,
        1.0564855629890535,
        1.0158030764201476,
        0.9978752578837219,
        0.9892102288655474,
        1.0,
        0.9987861918061463,
        0.9993054049197386,
        0.9989309755885539,
        1.0065090629537374,
        1.009962583587311,
        1.0087706996184085,
        1.012136844187782
      ],
      "interior_min": false,
      "lambda_star": 0.85,
      "left_rise": 1.7282174308543032,
      "right_rise": 0.023176686464845254
    },
    "12.0": {
      "E_over_E1": [
        2.4881292660730976,
        1.544390701991699,
        1.242104586838365,
        1.1174013174279875,
        1.0485530125239986,
        1.014269827703585,
        0.9988103589268158,
        0.9912809508582606,
        1.0,
        0.9983591364309938,
        0.9989164741869552,
        0.9984795249277889,
        1.0068557966914828,
        1.00986281939601,
        1.0083378008652357,
        1.0109619028255385
      ],
      "interior_min": false,
      "lambda_star": 0.85,
      "left_rise": 1.5100142032577657,
      "right_rise": 0.019854060496409184
    }
  },
  "lambdas": [
    0.1,
    0.2,
    0.3,
    0.4,
    0.5,
    0.6,
    0.7,
    0.85,
    1.0,
    1.2,
    1.5,
    2.0,
    3.0,
    5.0,
    8.0,
    10.0
  ],
  "alphas": [
    3.0,
    6.0,
    12.0
  ],
  "flat_interior_min": false,
  "curvature_interior_min": false,
  "curvature_changes_result": false,
  "runtime_s": 22.177962064743042,
  "timestamp_utc": "2026-06-13T18:02:08Z"
}