{
  "L": 48,
  "p_rho": -1.955943787583379,
  "q_mass": 1.0561088868348123,
  "theta_1r_amp": -33.23599946835849,
  "theta_1r_r2": 0.9946935789939366,
  "localised": false,
  "clean_1r": false,
  "verdict": "PARTIAL -- the profile fits 1/r in the window but M(r) keeps growing (q~1): the 'mass' is not localised, so there is no true asymptotic M/r; the apparent 1/r reflects rho~1/r^2 of a scale-marginal texture, not a particle",
  "profile": {
    "r": [
      0.8479832078722628,
      2.5439496236167884,
      4.239916039361314,
      5.93588245510584,
      7.631848870850366,
      9.327815286594891,
      11.023781702339416,
      12.719748118083942,
      14.415714533828467,
      16.111680949572992,
      17.80764736531752,
      19.503613781062043,
      21.199580196806572,
      22.895546612551094,
      24.591513028295623,
      26.287479444040144,
      27.983445859784673,
      29.679412275529195,
      31.375378691273724,
      33.071345107018246,
      34.767311522762775,
      36.463277938507304,
      38.159244354251825,
      39.85521076999635
    ],
    "rho": [
      1.1314099314299846,
      0.2738858005151705,
      0.10993699861701713,
      0.05602324063561294,
      0.0342710935426424,
      0.02302603430842784,
      0.016357102099073303,
      0.01230582970447859,
      0.009616949971270812,
      0.007700169051049584,
      0.006322332953398569,
      0.005327460231062772,
      0.004551005832123822,
      0.003944604157834218,
      0.003357660701236579,
      0.002600183437400781,
      0.0020466978625438147,
      0.0016144183079641772,
      0.001271754716887432,
      0.0009416448681077456,
      0.0005531615427326667,
      0.0003075328012609769,
      0.00013737173574079886,
      4.4464128543394346e-05
    ],
    "M": [
      17.33890244385812,
      55.11470005330277,
      97.23442255701553,
      139.30378430846827,
      181.84546050991656,
      224.54332299607728,
      266.9071011954346,
      309.3392509690158,
      351.9321122637181,
      394.53206117075246,
      437.2605535251417,
      480.44998675875615,
      524.0402032402898,
      568.1091400412128,
      611.3838753209735,
      649.6777217883952,
      683.8349980451521,
      714.1427538288916,
      740.8241420308647,
      762.7733055710285,
      777.0235170358294,
      785.7377661666443,
      790.0008515375885,
      791.5060962741927
    ],
    "theta": [
      -9.011204720060448,
      -5.756927977184359,
      -4.607563373803147,
      -3.8775800984283713,
      -3.3439998880532893,
      -2.9226427800715737,
      -2.5743474475819914,
      -2.2779282663510982,
      -2.0198892421659793,
      -1.7913325548741421,
      -1.5862125685536337,
      -1.4001176176304608,
      -1.2296564758502286,
      -1.0722880978912401,
      -0.9260242052219719,
      -0.7895813295534286,
      -0.6626971527929646,
      -0.5448398973376777,
      -0.43542364774547004,
      -0.3338585342934586,
      -0.23973479956849786,
      -0.15297883771921955,
      -0.0732209587577398,
      0.0
    ]
  },
  "runtime_s": 24.613544702529907,
  "timestamp_utc": "2026-06-13T18:03:43Z"
}