{
  "what": "rho_eff(r)/rho0 = 1/(dtau/dt), dtau/dt measured by counting (R3 estimator)",
  "M": 1.0,
  "rho0": 4000.0,
  "n_real": 60,
  "radii": [
    3.0,
    4.0,
    6.0,
    10.0,
    20.0,
    40.0,
    80.0,
    160.0
  ],
  "clock_rate_counted": [
    0.5775666483657709,
    0.7068110054036029,
    0.8162920171671069,
    0.8952636714556177,
    0.9479328391897167,
    0.9744291891433381,
    0.9882053201501707,
    0.9938826885655431
  ],
  "clock_rate_GR_sqrt(1-2M/r)": [
    0.5773502691896258,
    0.7071067811865476,
    0.816496580927726,
    0.8944271909999159,
    0.9486832980505138,
    0.9746794344808963,
    0.9874208829065749,
    0.9937303457175896
  ],
  "rho_eff_over_rho0_counted": [
    1.731401913232884,
    1.4148053614827072,
    1.2250517939284042,
    1.1169893651264666,
    1.054927056704555,
    1.026241835878441,
    1.0119354547170794,
    1.0061549632615958
  ],
  "rho_eff_over_rho0_CST_1/sqrt(1-2M/r)": [
    1.732050807568877,
    1.414213562373095,
    1.224744871391589,
    1.118033988749895,
    1.0540925533894598,
    1.0259783520851542,
    1.0127393670836666,
    1.0063092108532552
  ],
  "R3_consistency_corr": 0.9999935072385218,
  "R3_consistency_max_rel_err": 0.0009352135803996556,
  "weakfield_apparent_slope_per_point": [
    2.194205739698652,
    1.6592214459308288,
    1.3503107635704255,
    1.1698936512646663,
    1.0985411340911,
    1.0496734351376436,
    0.9548363773663482,
    0.9847941218553302
  ],
  "weakfield_apparent_slope_largest_r": 0.9847941218553302,
  "weakfield_apparent_slope_2nd_largest_r": 0.9548363773663482,
  "pure_prediction_leading_slope": 1.0,
  "rho_eff_corr": 0.9999964026658208,
  "rho_eff_max_rel_err": 0.0009343397731551065,
  "verdict": "PASSA",
  "seed": 31415926,
  "timestamp_utc": "2026-06-05T16:56:36Z"
}