{
  "what": "flat 2D variable-density sprinkle; dtau/dt counted vs global rho0",
  "M": 1.0,
  "rho0": 6000.0,
  "n_real": 60,
  "radii": [
    3.0,
    4.0,
    6.0,
    10.0,
    20.0,
    40.0
  ],
  "density_input_f=rho/rho0 (=1-2M/r)": [
    0.33333333333333337,
    0.5,
    0.6666666666666667,
    0.8,
    0.9,
    0.95
  ],
  "clock_rate_counted": [
    0.5773823770576714,
    0.706642163279997,
    0.8163901393581782,
    0.8943395750989873,
    0.9482031913072664,
    0.9744668924212987
  ],
  "clock_rate_GR_sqrt(1-2M/r)": [
    0.5773502691896258,
    0.7071067811865476,
    0.816496580927726,
    0.8944271909999159,
    0.9486832980505138,
    0.9746794344808963
  ],
  "dilation_corr": 0.9999991727888782,
  "dilation_max_rel_err": 0.0006570689447652719,
  "density_recovered_(dtau/dt)^2": [
    0.333370409336767,
    0.4993431469250339,
    0.6664928596412656,
    0.7998432755882372,
    0.8990892920052844,
    0.9495857244252229
  ],
  "density_recovery_max_rel_err": 0.0013137061499322034,
  "verdict": "PASSA",
  "note": "profile f(r)=1-2M/r is imposed, not derived; deriving it needs a discrete action with matter (Benincasa-Dowker) -- out of scope.",
  "seed": 27182818,
  "timestamp_utc": "2026-06-05T16:57:54Z"
}