{
  "config": {
    "J": 2.0,
    "rho": 0.5,
    "n_burn": 300,
    "n_meas": 40
  },
  "estimator_gate": {
    "L": 12,
    "n": 1728,
    "alpha": 1.7610133858404589,
    "k": [
      0.5235987755982988,
      0.5753789260418116,
      0.6322797606903039,
      0.6948076783568833,
      0.7635191570526026,
      0.8390257064587053,
      0.9219993101627312,
      1.013178406092604,
      1.1133744583726086,
      1.223479179088624,
      1.3444724642339612,
      1.4774311144631294,
      1.623538418265381,
      1.7840946828451512,
      1.9605288064307778,
      2.1544109950012666,
      2.3674667366058046,
      2.6015921576429024,
      2.8588708977650183,
      3.141592653589793
    ],
    "S": [
      2.403659935800162,
      2.395266702765997,
      2.248672662882371,
      1.95409489522981,
      1.5412021933264908,
      1.0900266316299467,
      0.7157483551247426,
      0.5130806621033739,
      0.4789968450833722,
      0.48892686780847516,
      0.4079339887363959,
      0.2656715286283889,
      0.21821970822829648,
      0.2501647975452129,
      0.19770939290742687,
      0.15751065144197077,
      0.19151236791117043,
      0.15605945720270856,
      0.1823850715684745,
      0.14892127095588495
    ]
  },
  "rows": [
    {
      "L": 4.4,
      "N_mean": 175.25,
      "N_max": 192,
      "degree_mean": 16.934340390178882,
      "m_mean": 0.9608601932070656,
      "m_sem": 0.0013296148057755123,
      "U4": 0.6666210613587567,
      "random_floor": 0.0755389574600498,
      "n_seeds": 12
    },
    {
      "L": 5.4,
      "N_mean": 405.0,
      "N_max": 432,
      "degree_mean": 29.18480089986764,
      "m_mean": 0.9789706827967768,
      "m_sem": 0.00045777675550645765,
      "U4": 0.6666617933107037,
      "random_floor": 0.049690399499995326,
      "n_seeds": 12
    },
    {
      "L": 6.4,
      "N_mean": 811.6,
      "N_max": 848,
      "degree_mean": 44.713185058321095,
      "m_mean": 0.9868680614723935,
      "m_sem": 0.00016239672408897553,
      "U4": 0.6666660395296253,
      "random_floor": 0.035101767137642986,
      "n_seeds": 10,
      "sk": {
        "k": [
          0.9817477042468103,
          1.1522988057131058,
          1.3524783729099958,
          1.5874335199516778,
          1.8632055275266644,
          2.1868851792367283,
          2.5667950832637367,
          3.0127036673074907,
          3.536076349136209,
          4.15037034096864,
          4.871380667841064,
          5.717646296951254,
          6.710926820574022,
          7.876761949250689,
          9.245128201212692,
          10.851209673156259,
          12.736302710800134,
          14.948877740554462,
          17.545825564631674,
          20.593920164943675,
          24.171535628108646,
          28.370661337975697,
          33.29926725127516,
          39.084080073508936
        ],
        "S": [
          0.01956113396137115,
          0.016286247830693792,
          0.014006608180140382,
          0.014436092045235405,
          0.015809415165671616,
          0.014974156528867372,
          0.013953551612790757,
          0.013756839480710829,
          0.01330278055528816,
          0.013202597448417442,
          0.013378783019536803,
          0.012808686940719707,
          0.013765543333022698,
          0.013512746585596988,
          0.013340819495513103,
          0.01285187109626403,
          0.012845449265606643,
          0.012702920664895059,
          0.012819976053637373,
          0.012795531954399872,
          0.01337750164178369,
          0.012784188606372066,
          0.013489353712109815,
          0.013465655994721121
        ],
        "alpha": 0.0610831619423301,
        "alpha_err": 0.006857987077065269,
        "k_decades": 1.6
      }
    },
    {
      "L": 7.4,
      "N_mean": 1469.25,
      "N_max": 1512,
      "degree_mean": 64.19272527540093,
      "m_mean": 0.9910557514279077,
      "m_sem": 6.314157416014114e-05,
      "U4": 0.6666665597115808,
      "random_floor": 0.026088682673161077,
      "n_seeds": 8,
      "sk": {
        "k": [
          0.8490790955648089,
          0.9965827508870103,
          1.1697110252194558,
          1.3729154767149645,
          1.6114209967798176,
          1.8913601550155488,
          2.219930882822691,
          2.605581550103776,
          3.058228193847532,
          3.589509484080985,
          4.213085982997677,
          4.94499139195784,
          5.8040448177937485,
          6.812334658811406,
          7.995786552400166,
          9.384829987594602,
          11.015180722854167,
          12.928759126966018,
          15.174768055897658,
          17.81095798049182,
          20.905111894580443,
          24.536788184195192,
          28.799366271373103,
          33.80244763114286
        ],
        "S": [
          0.014279952980531297,
          0.011549058297582498,
          0.009386870412195693,
          0.009196647338257142,
          0.009959312125718937,
          0.00950772638583303,
          0.009089990868346304,
          0.009046646658355455,
          0.008805151731830446,
          0.008847638252835879,
          0.00886919066900192,
          0.009342678887589807,
          0.009018926180009254,
          0.008473600976873896,
          0.009353380932677964,
          0.00914080748063216,
          0.008861863775040179,
          0.009710309575992896,
          0.008542008094838906,
          0.009241149940503679,
          0.00889416107258052,
          0.008315747014230388,
          0.008603855911441416,
          0.009116173726249784
        ],
        "alpha": 0.0569532849054222,
        "alpha_err": 0.010188375008062632,
        "k_decades": 1.6
      }
    },
    {
      "L": 8.4,
      "N_mean": 2456.6666666666665,
      "N_max": 2505,
      "degree_mean": 86.4750132407428,
      "m_mean": 0.9934422611376289,
      "m_sem": 4.855645985406324e-05,
      "U4": 0.6666666315458984,
      "random_floor": 0.02017561971628698,
      "n_seeds": 6,
      "sk": {
        "k": [
          0.7479982508547126,
          0.8779419472099853,
          1.0304597126933301,
          1.209473158058421,
          1.4195851638298393,
          1.6661982317994122,
          1.9556533967723706,
          2.295393270329517,
          2.6941534088656827,
          3.1621869264522964,
          3.7115281278789056,
          4.356301940534288,
          5.1130871013897305,
          6.001342437524334,
          7.0439072009239565,
          8.267588322404768,
          9.703849684419149,
          11.389621135660542,
          13.368248049243178,
          15.690605839957085,
          18.41640809760659,
          21.615741971791007,
          25.370870286685836,
          29.778346722673476
        ],
        "S": [
          0.00991322026496195,
          0.008300452206608714,
          0.007083277153296627,
          0.0070081753660515625,
          0.007335922289585357,
          0.007027680653184008,
          0.007040008933982275,
          0.007053793212005281,
          0.006859505008357135,
          0.0066897102173808926,
          0.006366886827090668,
          0.006658554970846474,
          0.006393615084365151,
          0.0063763366108743474,
          0.006306945508353399,
          0.006353727917323849,
          0.0065590368107424106,
          0.0066350980376424775,
          0.006886820848140056,
          0.006343917391172003,
          0.006234585916189309,
          0.006548145286655995,
          0.006479444001634281,
          0.006563104960970851
        ],
        "alpha": 0.061840725652374896,
        "alpha_err": 0.009046713257533864,
        "k_decades": 1.6
      }
    },
    {
      "L": 9.4,
      "N_mean": 3888.5,
      "N_max": 3924,
      "degree_mean": 112.71188557179656,
      "m_mean": 0.995015259184729,
      "m_sem": 2.965423138178747e-05,
      "U4": 0.6666666548938323,
      "random_floor": 0.01603647635860999,
      "n_seeds": 4,