{
  "params": {
    "a_link": 1.0,
    "g": 0.05,
    "n_dirs": 200000,
    "n_seeds": 20
  },
  "poisson": {
    "r4_A": {
      "mean": -0.004690300661055075,
      "sem": 2.5463175688573636e-06,
      "n_seeds": 20
    },
    "r4_B": {
      "mean": -0.002604112420107163,
      "sem": 4.1550181936916114e-18,
      "n_seeds": 20
    },
    "ratio_B_over_A": {
      "mean": 0.5552153602465686,
      "sem": 0.00030076848027120917,
      "n_seeds": 20
    },
    "predicted_ratio": 0.5555555555555556,
    "predicted_r4_A": -0.0046875,
    "predicted_r4_B": -0.002604166666666667
  },
  "cubic_control": {
    "r4_A": -0.002604112420111215,
    "r4_B": -0.002604112420111215,
    "ratio_B_over_A": 1.0,
    "predicted_ratio": 1.0,
    "predicted_r4": -0.0026041666666666665
  },
  "commutator_coefficient": {
    "c_K": {
      "mean": 0.00034769804015798535,
      "sem": 4.24386261476549e-07,
      "n_seeds": 20
    },
    "predicted": 0.00034722222222222224,
    "sign": "stabilising (positive)"
  },
  "plateau_scan": {
    "g": [
      0.02,
      0.05,
      0.1,
      0.2,
      0.4,
      0.8
    ],
    "r4A": [
      -0.004658134748098524,
      -0.0046579603205664545,
      -0.004657337426398296,
      -0.004654846821625882,
      -0.0046448999375974095,
      -0.004605359898618475
    ],
    "r4B": [
      -0.002604157896004553,
      -0.002604112420107162,
      -0.002603949662828591,
      -0.0026032987661292243,
      -0.0026006969235011137,
      -0.0025903173898562245
    ]
  },
  "verdict": {
    "skyrme_present_poisson": true,
    "cubic_K_blind": true,
    "death_criterion_activated": false
  },
  "_meta": {
    "campaign": "BRIDGE_SU2_COEFF",
    "timestamp": "2026-06-10T22:03:47.502368+00:00",
    "python": "3.12.10",
    "numpy": "2.4.4",
    "platform": "Windows-11-10.0.26200-SP0"
  }
}