{
  "D": 3,
  "grid": {
    "r_min": 0.1,
    "r_max": 60.0,
    "n_bins": 64
  },
  "K_stiff": 1.0,
  "kappa": 1.0,
  "e_sk_scan": [
    0.3,
    0.5,
    0.7,
    1.0,
    1.5
  ],
  "G0_gate": {
    "A": 0.9800744736538759,
    "C": -0.02803297957026252,
    "exponent": -0.9901290190024542,
    "conservation": 1.1169731806148775e-11,
    "D3_ref": {
      "A": 1.028,
      "C": -0.028,
      "exponent": -1.018
    },
    "passes": true
  },
  "scan": {
    "0.3": {
      "M_mass": 175.06297358633066,
      "E2": 164.332457498562,
      "E4": 10.730516087768654,
      "Q_source": 175.0345055679265,
      "r_support99": 9.928571428571429,
      "r_fit_lo": 14.892857142857142,
      "A_amplitude": 162.93305625037823,
      "C_offset": -4.4834210137426265,
      "exponent": -0.9923431298028942,
      "G_net_A_over_M": 0.9307111201902972,
      "n_fit": 9
    },
    "0.5": {
      "M_mass": 182.22197046531898,
      "E2": 164.33837818716555,
      "E4": 17.88359227815341,
      "Q_source": 182.1875636330486,
      "r_support99": 9.928571428571429,
      "r_fit_lo": 14.892857142857142,
      "A_amplitude": 169.5915697149504,
      "C_offset": -4.666881152159454,
      "exponent": -0.9923431298028941,
      "G_net_A_over_M": 0.9306867293877034,
      "n_fit": 9
    },
    "0.7": {
      "M_mass": 189.38038104856358,
      "E2": 164.34419151181922,
      "E4": 25.03618953674437,
      "Q_source": 189.34003647556057,
      "r_support99": 9.914285714285715,
      "r_fit_lo": 14.871428571428572,
      "A_amplitude": 176.24953841774268,
      "C_offset": -4.85032629806631,
      "exponent": -0.9923431298028933,
      "G_net_A_over_M": 0.930664187292697,
      "n_fit": 9
    },
    "1.0": {
      "M_mass": 200.11690940934233,
      "E2": 164.35271873689248,
      "E4": 35.76419067244986,
      "Q_source": 200.06766024142837,
      "r_support99": 9.914285714285715,
      "r_fit_lo": 14.871428571428572,
      "A_amplitude": 186.23548102265133,
      "C_offset": -5.12546620694116,
      "exponent": -0.9923431298028925,
      "G_net_A_over_M": 0.9306334061041472,
      "n_fit": 9
    },
    "1.5": {
      "M_mass": 218.00827063233478,
      "E2": 164.36645285782038,
      "E4": 53.64181777451443,
      "Q_source": 217.94418581772956,
      "r_support99": 9.914285714285715,
      "r_fit_lo": 14.871428571428572,
      "A_amplitude": 202.87606819052763,
      "C_offset": -5.583959767879282,
      "exponent": -0.9923431298028922,
      "G_net_A_over_M": 0.9305888606981925,
      "n_fit": 9
    }
  },
  "M_gnet_tophat": {
    "M_ref": 182.22197046531898,
    "A": 169.62359774441265,
    "exponent": -0.9923431298028933,
    "G_net": 0.9308624932068547,
    "rel_diff_vs_skyrmion": 0.00018881824161352245
  },
  "exponents": [
    -0.9923431298028942,
    -0.9923431298028941,
    -0.9923431298028933,
    -0.9923431298028925,
    -0.9923431298028922
  ],
  "G_nets": [
    0.9307111201902972,
    0.9306867293877034,
    0.930664187292697,
    0.9306334061041472,
    0.9305888606981925
  ],
  "G_net_CV": 4.574946664397972e-05,
  "exp_ok": true,
  "linearity_ok": true,
  "gnet_ok": true,
  "robust": true,
  "verdict": "MATTER->GRAVITY DERIVED -- the Skyrmion sources theta=G_net M/r with its OWN energy-density profile: exterior exponent -1, amplitude linear in the soliton's own mass, same G_net as a generic source. Sec. VII [FRACO]->[SOLIDO].",
  "runtime_s": 15.100121021270752
}