{
  "n_seeds": 10,
  "eps_vacuum": 0.02,
  "reference_clean": {
    "E_class": 297.16809037758964,
    "I_mean": 312.736557290485,
    "Js": [
      0.0,
      0.5,
      1.0,
      1.5,
      2.0
    ],
    "casimir": [
      0.0,
      0.75,
      2.0,
      3.75,
      6.0
    ],
    "E_J": [
      297.16809037758964,
      297.16928946989674,
      297.17128795707526,
      297.1740858391252,
      297.1776831160465
    ],
    "m2": [
      88308.87393866328,
      88309.58660404327,
      88310.77438606694,
      88312.43729431977,
      88314.57534222136
    ],
    "fit_vs_J": {
      "slope": 2.8506994785196986,
      "intercept": 88308.39881358446,
      "r2": 0.9625652151625528,
      "resid": [
        0.4751250788249308,
        -0.2375592804455664,
        -0.47512699602521025,
        -0.23756848246557638,
        0.47512967986403964
      ],
      "ss_res": 0.7901109111548539,
      "ss_tot": 21.106329703396092
    },
    "fit_vs_casimir": {
      "slope": 0.9502339639420052,
      "intercept": 88308.87392815312,
      "r2": 0.9999999999790541,
      "resid": [
        1.0510164429433644e-05,
        4.1720340959727764e-07,
        -1.0014060535468161e-05,
        -1.1198135325685143e-05,
        1.028459519147873e-05
      ],
      "ss_res": 4.420901564516776e-10,
      "ss_tot": 21.106329703396092
    },
    "alpha_casimir": 0.9502339639420052
  },
  "seed_stats": {
    "E_class": [
      304.83880146590974,
      0.15583671923537468
    ],
    "I_mean": [
      314.32346797971223,
      0.7379645517687584
    ],
    "r2_vs_J": [
      0.9625652641834781,
      3.7699942457058646e-09
    ],
    "r2_vs_casimir": [
      0.9999999999802951,
      9.408241759908721e-14
    ],
    "alpha_casimir": [
      0.9698457634874604,
      0.002353837213165476
    ]
  },
  "seeds": [
    {
      "seed": 0,
      "E_class": 304.73761311323136,
      "I_mean": 312.8594182524752,
      "r2_vs_J": 0.9625652562684917,
      "r2_vs_casimir": 0.9999999999800974,
      "alpha_casimir": 0.9740554433572965
    },
    {
      "seed": 1,
      "E_class": 304.8199764282973,
      "I_mean": 313.3623563033686,
      "r2_vs_J": 0.9625652592460023,
      "r2_vs_casimir": 0.999999999980172,
      "alpha_casimir": 0.9727549235605893
    },
    {
      "seed": 2,
      "E_class": 304.9921559418035,
      "I_mean": 314.06897748094866,
      "r2_vs_J": 0.9625652637073683,
      "r2_vs_casimir": 0.9999999999802833,
      "alpha_casimir": 0.9711145179502049
    },
    {
      "seed": 3,
      "E_class": 304.5586887659433,
      "I_mean": 314.6070012196382,
      "r2_vs_J": 0.9625652641644143,
      "r2_vs_casimir": 0.9999999999802948,
      "alpha_casimir": 0.9680759395847598
    },
    {
      "seed": 4,
      "E_class": 304.865749016367,
      "I_mean": 315.1746571548044,
      "r2_vs_J": 0.9625652686012232,
      "r2_vs_casimir": 0.9999999999804052,
      "alpha_casimir": 0.9673065807306973
    },
    {
      "seed": 5,
      "E_class": 304.69863341779353,
      "I_mean": 314.79479481472157,
      "r2_vs_J": 0.9625652658323587,
      "r2_vs_casimir": 0.9999999999803363,
      "alpha_casimir": 0.9679429746880525
    },
    {
      "seed": 6,
      "E_class": 304.8834456806791,
      "I_mean": 313.96779584146424,
      "r2_vs_J": 0.9625652626345316,
      "r2_vs_casimir": 0.9999999999802566,
      "alpha_casimir": 0.9710812350509394
    },
    {
      "seed": 7,
      "E_class": 305.1626909136172,
      "I_mean": 314.2406787013622,
      "r2_vs_J": 0.9625652654535298,
      "r2_vs_casimir": 0.9999999999803268,
      "alpha_casimir": 0.971126581342809
    },
    {
      "seed": 8,
      "E_class": 304.7959986622945,
      "I_mean": 315.1515604761468,
      "r2_vs_J": 0.9625652681250001,
      "r2_vs_casimir": 0.9999999999803934,
      "alpha_casimir": 0.9671561501527958
    },
    {
      "seed": 9,
      "E_class": 304.8730627190705,
      "I_mean": 315.00743955219247,
      "r2_vs_J": 0.9625652678018622,
      "r2_vs_casimir": 0.9999999999803854,
      "alpha_casimir": 0.967843288456459
    }
  ],
  "m2_linear_in_J": false,
  "m2_linear_in_casimir": true,
  "verdict": "C"
}