{
  "e_sk": 4.0,
  "N": 41,
  "L": 16.0,
  "M_Sk": 297.16809037758964,
  "I_tensor": [
    [
      312.736557290485,
      -9.663381206337387e-16,
      2.1560531138220596e-16
    ],
    [
      -9.663381206337387e-16,
      312.736557290485,
      1.5143442055887176e-16
    ],
    [
      2.1560531138220596e-16,
      1.5143442055887176e-16,
      312.736557290485
    ]
  ],
  "I_diag": [
    312.736557290485,
    312.736557290485,
    312.736557290485
  ],
  "I_mean": 312.736557290485,
  "diag_spread": 0.0,
  "offdiag_rel": 3.0899429507249982e-18,
  "finite": true,
  "positive": true,
  "spherical": true,
  "I_well_defined": true,
  "E_half_minus_class": 0.0011990923071129216,
  "SU2_QUANT_2pi_psi_flip_residual": 5.100087019371813e-16,
  "gate_pass": true,
  "verdict": "PASS"
}