{
  "rows": [
    {
      "rho": 16.0,
      "m2_iso": {
        "mean": 518.6891480618481,
        "sem": 42.380537432860905
      },
      "m2_E": {
        "mean": 299.5923833712842,
        "sem": 24.581134665152685
      },
      "m2_B": {
        "mean": 1228.53281141735,
        "sem": 100.54775945908834
      },
      "EB_split": {
        "mean": 4.113689462244894,
        "sem": 0.12093550116906115
      },
      "C2_t": {
        "mean": 2139.887144470827,
        "sem": 54.30020959458174
      },
      "C2_x": {
        "mean": 617.6185912923613,
        "sem": 15.712662679537777
      },
      "Pi_E": {
        "mean": 25.640986171651576,
        "sem": 1.7360561879140555
      },
      "Pi_B": {
        "mean": 6.264439543039316,
        "sem": 0.44925669348764846
      }
    },
    {
      "rho": 27.0,
      "m2_iso": {
        "mean": 479.50417777853613,
        "sem": 19.636966455237037
      },
      "m2_E": {
        "mean": 284.6408163361131,
        "sem": 11.212708691109107
      },
      "m2_B": {
        "mean": 1101.7023238386348,
        "sem": 53.74211245764633
      },
      "EB_split": {
        "mean": 3.863432008332927,
        "sem": 0.06752869954374054
      },
      "C2_t": {
        "mean": 4223.479057825543,
        "sem": 72.72923638538224
      },
      "C2_x": {
        "mean": 1256.4345909577303,
        "sem": 21.906694580564302
      },
      "Pi_E": {
        "mean": 53.555299463251686,
        "sem": 2.3429938418035303
      },
      "Pi_B": {
        "mean": 13.925978224568913,
        "sem": 0.761735141110409
      }
    },
    {
      "rho": 45.0,
      "m2_iso": {
        "mean": 509.7029213769425,
        "sem": 22.622897253617428
      },
      "m2_E": {
        "mean": 311.4401595321518,
        "sem": 13.852636888155212
      },
      "m2_B": {
        "mean": 1115.1428697772776,
        "sem": 49.486801963833
      },
      "EB_split": {
        "mean": 3.5841269172154826,
        "sem": 0.050553487836880275
      },
      "C2_t": {
        "mean": 7960.508603623632,
        "sem": 67.3734707827187
      },
      "C2_x": {
        "mean": 2425.4800386558745,
        "sem": 21.026355752162285
      },
      "Pi_E": {
        "mean": 94.72083043968901,
        "sem": 4.215470663733193
      },
      "Pi_B": {
        "mean": 26.434548326950342,
        "sem": 1.1232943441944405
      }
    },
    {
      "rho": 75.0,
      "m2_iso": {
        "mean": 561.8326366970246,
        "sem": 18.530758465004702
      },
      "m2_E": {
        "mean": 348.84019776437003,
        "sem": 11.535501273166902
      },
      "m2_B": {
        "mean": 1211.9748394269827,
        "sem": 40.342147903154796
      },
      "EB_split": {
        "mean": 3.4747016899594225,
        "sem": 0.01934920493657
      },
      "C2_t": {
        "mean": 15321.836872059612,
        "sem": 200.57441283780037
      },
      "C2_x": {
        "mean": 4754.368502177067,
        "sem": 63.16815811026589
      },
      "Pi_E": {
        "mean": 164.4405677331278,
        "sem": 4.138931263584141
      },
      "Pi_B": {
        "mean": 47.32194810483428,
        "sem": 1.1363573561392961
      }
    }
  ],
  "exponent_s": {
    "measured": 0.06806735480774914,
    "sem": 0.04548483151867058,
    "registered_PE3_heritage": 0.5,
    "per_seed": [
      -0.009970465735157457,
      0.07206570784252361,
      0.253823240250347,
      0.10212446319816934,
      0.15556597315796708,
      -0.17065649429446964,
      0.13944357318664202,
      0.0021428408559711837
    ],
    "heritage_dead": true
  },
  "pure_numbers": {
    "iso_s_registered_0.5": {
      "values": [
        129.67228701546202,
        92.28062203932933,
        75.98202536860495,
        64.87484480730888
      ],
      "mean": 90.70244480767629,
      "cv": 0.31215366003224043
    },
    "iso_s_measured": {
      "values": [
        429.48292256316466,
        383.14507743668645,
        393.35739575415926,
        418.770907716804
      ],
      "mean": 406.1890758677036,
      "cv": 0.05311835442830395
    },
    "E_s_measured": {
      "values": [
        248.06729207417447,
        227.44062027153308,
        240.3503785222154,
        260.0135996454623
      ],
      "mean": 243.96797262834633,
      "cv": 0.056026958702275885
    },
    "B_s_measured": {
      "values": [
        1017.2448455569966,
        880.3089560864846,
        860.5987463529038,
        903.3647575558387
      ],
      "mean": 915.3793263880559,
      "cv": 0.07660558571756615
    }
  },
  "table_closes_cv_lt_20pct": true,
  "box_check": {
    "rho": 45.0,
    "extent_small": 2.56,
    "m2_iso_small": {
      "mean": 554.1665954710222,
      "sem": 26.86709026753794
    },
    "m2_iso_main": {
      "mean": 509.7029213769425,
      "sem": 22.622897253617428
    },
    "ratio_small_over_main": 1.0872344894040686,
    "ir_regulated": false
  },
  "lambda_p_declared": 1.0,
  "_meta": {
    "timestamp": "2026-06-11T21:52:02.443890+00:00",
    "numpy": "2.4.4",
    "n_seeds": 8,
    "extent": 3.2,
    "margin_frac": 0.25,
    "seed_base": 31000
  }
}