{
  "mode": "smoke",
  "levers": {
    "POSITIVE_CONTROL_lattice3d": {
      "lever": "POSITIVE_CONTROL_lattice3d",
      "external_scale": null,
      "dim": 3,
      "Ns": [
        216.0,
        512.0,
        1000.0,
        1728.0
      ],
      "z_mean": [
        6.0,
        6.0,
        6.0,
        6.0
      ],
      "z_slope_vs_logN": 1.8615628399533513e-16,
      "Jc_pool": 0.66,
      "Jc_per_size": [
        0.66,
        0.66,
        0.69,
        0.66
      ],
      "xiL_slope_vs_logN": [
        -0.02213374456850994,
        -0.03334349039263648,
        -0.039699955825773466,
        -0.023441349868621935,
        0.02263528620202625,
        0.023055385095524735,
        -0.0457259735862066,
        -0.04182256492506314,
        -0.0516437285924426
      ],
      "xiL_slope_band": -0.023441349868621935,
      "max_xiL_slope": 0.023055385095524735,
      "J_at_max_xiL_slope": 0.72,
      "U4_slope_vs_logN": [
        -0.0063878283885748744,
        -0.008305824705354329,
        -0.020375928780762508,
        -0.029625507346177218,
        -0.015042035799927415,
        0.006604766650717058,
        0.0024241955059875315,
        0.0016428239316628682,
        0.0004371152817567086
      ],
      "U4_crossing_Js": [
        0.705
      ],
      "U4_crosses": true,
      "chi_max_per_size": [
        2.1427071177534094,
        2.568616099744858,
        7.936829926459748,
        6.828864439836268
      ],
      "chi_max_exponent_in_N": 0.6673112415065167,
      "verdict": "INCONCLUSIVE"
    },
    "baseline_3p1": {
      "lever": "baseline_3p1",
      "external_scale": null,
      "dim": 4,
      "Ns": [
        162.33333333333334,
        336.3333333333333,
        622.6666666666666
      ],
      "z_mean": [
        16.052792360714115,
        25.84881560674158,
        38.12574844325659
      ],
      "z_slope_vs_logN": 16.32929669551517,
      "Jc_pool": 0.1,
      "Jc_per_size": [
        0.2,
        0.1,
        0.06
      ],
      "xiL_slope_vs_logN": [
        0.0003969829139156797,
        1.917139812046337e-05,
        0.014031393917333736,
        -0.0059212143809057195,
        0.014179004039038044
      ],
      "xiL_slope_band": 0.0003969829139156797,
      "max_xiL_slope": 0.014179004039038044,
      "J_at_max_xiL_slope": 0.4,
      "U4_slope_vs_logN": [
        0.05005324028733693,
        0.05898614970187166,
        0.19617306271246618,
        0.021909869472942028,
        0.001031373991877981
      ],
      "U4_crossing_Js": [],
      "U4_crosses": false,
      "chi_max_per_size": [
        0.5201422235536571,
        1.1786738293681438,
        0.7598461018863916
      ],
      "chi_max_exponent_in_N": 0.30730390279525405,
      "verdict": "CRITICALITY_CANDIDATE"
    },
    "leverC_2p1": {
      "lever": "leverC_2p1",
      "external_scale": null,
      "dim": 3,
      "Ns": [
        93.33333333333333,
        194.66666666666666,
        351.3333333333333
      ],
      "z_mean": [
        10.3968085106383,
        14.453816541095039,
        19.79460152308618
      ],
      "z_slope_vs_logN": 7.02655950824614,
      "Jc_pool": 0.2,
      "Jc_per_size": [
        0.2,
        0.2,
        0.2
      ],
      "xiL_slope_vs_logN": [
        -0.0018499423280329763,
        -0.004586298751889533,
        0.0036504917484460357,
        0.003310838467128739,
        0.005177097256716411
      ],
      "xiL_slope_band": 0.003310838467128739,
      "max_xiL_slope": 0.005177097256716411,
      "J_at_max_xiL_slope": 0.4,
      "U4_slope_vs_logN": [
        0.01697745733370886,
        0.013397379668612066,
        0.03019194056244114,
        0.14538972511417442,
        0.011184399220215965
      ],
      "U4_crossing_Js": [],
      "U4_crosses": false,
      "chi_max_per_size": [
        0.5002109126217419,
        1.417779550857845,
        0.4931314565996717
      ],
      "chi_max_exponent_in_N": 0.0466355575588235,
      "verdict": "CRITICALITY_CANDIDATE"
    },
    "leverA_knn_k4": {
      "lever": "leverA_knn_k4",
      "external_scale": {
        "type": "knn_cap_k",
        "value": 4
      },
      "dim": 4,
      "Ns": [
        162.33333333333334,
        336.3333333333333,
        622.6666666666666
      ],
      "z_mean": [
        5.275279887898257,
        5.735617195432906,
        6.077514851537653
      ],
      "z_slope_vs_logN": 0.597803353884722,
      "Jc_pool": 0.4,
      "Jc_per_size": [
        0.4,
        0.4,
        0.4
      ],
      "xiL_slope_vs_logN": [
        0.007610437172039266,
        -0.0026280089623756104,
        0.010907956168523646,
        0.0022538288504792467,
        0.006233677754914103
      ],
      "xiL_slope_band": 0.006233677754914103,
      "max_xiL_slope": 0.010907956168523646,
      "J_at_max_xiL_slope": 0.1,
      "U4_slope_vs_logN": [
        0.015126920860384682,
        0.0290153524647493,
        0.04854010444749351,
        0.02514482824657231,
        0.05759344795006013
      ],
      "U4_crossing_Js": [],
      "U4_crosses": false,
      "chi_max_per_size": [
        0.5148436635442966,
        0.5736916859047767,
        0.8155164022285837
      ],
      "chi_max_exponent_in_N": 0.33629938337947946,
      "verdict": "CRITICALITY_CANDIDATE"
    },
    "leverB_win_1p0": {
      "lever": "leverB_win_1p0",
      "external_scale": {
        "type": "window_ell_k",
        "value": 1.0
      },
      "dim": 4,
      "Ns": [
        162.33333333333334,
        336.3333333333333,
        622.6666666666666
      ],
      "z_mean": [
        11.679423136359993,
        17.622194457459177,
        25.06860512210675
      ],
      "z_slope_vs_logN": 9.905175164578873,
      "Jc_pool": 0.2,
      "Jc_per_size": [
        0.2,
        0.2,
        0.1
      ],
      "xiL_slope_vs_logN": [
        0.012435191440871197,
        0.019191198055228648,
        0.034593670631251454,
        0.004794143004901281,
        0.005277446267108594
      ],
      "xiL_slope_band": 0.019191198055228648,
      "max_xiL_slope": 0.034593670631251454,
      "J_at_max_xiL_slope": 0.1,
      "U4_slope_vs_logN": [
        -0.0178105240796522,
        -0.008941922457605065,
        0.03611702551719872,
        0.13355550259137672,
        0.0021214726084024865
      ],
      "U4_crossing_Js": [
        0.08
      ],
      "U4_crosses": true,
      "chi_max_per_size": [
        0.5670964652630583,
        0.4477013295696302,
        0.9616263441798155
      ],
      "chi_max_exponent_in_N": 0.37118111111308877,
      "verdict": "CRITICALITY_CANDIDATE"
    }
  }
}