{
  "mode": "full",
  "levers": {
    "POSITIVE_CONTROL_lattice3d": {
      "lever": "POSITIVE_CONTROL_lattice3d",
      "external_scale": null,
      "dim": 3,
      "Ns": [
        216.0,
        512.0,
        1000.0,
        1728.0
      ],
      "z_mean": [
        6.0,
        6.0,
        6.0,
        6.0
      ],
      "z_slope_vs_logN": 1.8615628399533513e-16,
      "z_ratio_last_first": 1.0,
      "z_fixed": true,
      "Jc_pool": 0.66,
      "Jc_drifts_down": false,
      "Jc_per_size": [
        0.66,
        0.66,
        0.69,
        0.66
      ],
      "xiL_slope_vs_logN": [
        -0.02213374456850994,
        -0.03334349039263648,
        -0.039699955825773466,
        -0.023441349868621935,
        0.02263528620202625,
        0.023055385095524735,
        -0.0457259735862066,
        -0.04182256492506314,
        -0.0516437285924426
      ],
      "xiL_slope_band": -0.023441349868621935,
      "max_xiL_slope": 0.023055385095524735,
      "J_at_max_xiL_slope": 0.72,
      "U4_slope_vs_logN": [
        -0.0063878283885748744,
        -0.008305824705354329,
        -0.020375928780762508,
        -0.029625507346177218,
        -0.015042035799927415,
        0.006604766650717058,
        0.0024241955059875315,
        0.0016428239316628682,
        0.0004371152817567086
      ],
      "U4_crossing_Js": [
        0.705
      ],
      "U4_crosses": true,
      "chi_max_per_size": [
        2.1427071177534094,
        2.568616099744858,
        7.936829926459748,
        6.828864439836268
      ],
      "chi_max_exponent_in_N": 0.6673112415065167,
      "verdict": "INCONCLUSIVE"
    },
    "baseline_3p1": {
      "lever": "baseline_3p1",
      "external_scale": null,
      "dim": 4,
      "Ns": [
        501.8,
        1047.2,
        1947.2,
        3329.8
      ],
      "z_mean": [
        33.44091261094415,
        52.132167165345365,
        75.7036351615687,
        103.0217334863421
      ],
      "z_slope_vs_logN": 36.48799966571133,
      "z_ratio_last_first": 3.080709389869532,
      "z_fixed": false,
      "Jc_pool": 0.04,
      "Jc_drifts_down": true,
      "Jc_per_size": [
        0.1,
        0.05,
        0.03,
        0.03
      ],
      "xiL_slope_vs_logN": [
        0.009338524627590907,
        0.07854555540242986,
        0.09516915403915424,
        0.05782266750346953,
        0.024787799335913855,
        0.009622101495330599,
        0.007178976716237029,
        0.0022175185949845845,
        0.004749404676698304,
        0.00016737984351970832,
        0.00276892418834549,
        0.0019233864317775861
      ],
      "xiL_slope_band": 0.07854555540242986,
      "max_xiL_slope": 0.09516915403915424,
      "J_at_max_xiL_slope": 0.05,
      "U4_slope_vs_logN": [
        0.020326893878024804,
        0.09732247190335855,
        0.12978691917746465,
        0.08752318930104068,
        0.007088853579105304,
        0.0007773638943746686,
        0.0002736788651925226,
        9.563661253428183e-05,
        3.465968537294312e-05,
        1.8153813516531528e-05,
        9.125655769448468e-06,
        4.423593415998611e-06
      ],
      "U4_crossing_Js": [],
      "U4_crosses": false,
      "chi_max_per_size": [
        1.0056459444351695,
        1.4014475434431948,
        0.8059003682684133,
        1.4037671742587885
      ],
      "chi_max_exponent_in_N": 0.06667898977703572,
      "verdict": "NO_FIXED_POINT_MEANFIELD"
    },
    "leverC_2p1": {
      "lever": "leverC_2p1",
      "external_scale": null,
      "dim": 3,
      "Ns": [
        188.2,
        381.2,
        674.4,
        1087.8
      ],
      "z_mean": [
        14.349126082849114,
        20.23125423771996,
        26.807584674138816,
        33.00749195175018
      ],
      "z_slope_vs_logN": 10.628846666768235,
      "z_ratio_last_first": 2.300313744626065,
      "z_fixed": false,
      "Jc_pool": 0.12000000000000001,
      "Jc_drifts_down": true,
      "Jc_per_size": [
        0.19,
        0.14,
        0.1,
        0.1
      ],
      "xiL_slope_vs_logN": [
        0.00394663509755812,
        0.007970537364142027,
        0.011185011041044912,
        0.021027809854126518,
        0.06424016610593404,
        0.060432133978995356,
        0.03342364671505197,
        0.011014142757778114,
        0.00044069326606546385,
        0.007253192741664964,
        0.007639179824533891,
        0.005344554147415451
      ],
      "xiL_slope_band": 0.060432133978995356,
      "max_xiL_slope": 0.06424016610593404,
      "J_at_max_xiL_slope": 0.1,
      "U4_slope_vs_logN": [
        0.004429310112519118,
        0.018383881382151288,
        -0.0007913385006300557,
        0.013439447911619494,
        0.14162958349976137,
        0.14194603399630631,
        0.0715894828844933,
        0.006701057472681413,
        0.0012748605829023063,
        0.0003736875118025176,
        0.00015175980005059363,
        7.49581004096854e-05
      ],
      "U4_crossing_Js": [
        0.060000000000000005
      ],
      "U4_crosses": true,
      "chi_max_per_size": [
        1.0819256434756346,
        3.0178825837546372,
        2.2377184599155706,
        1.068589637406799
      ],
      "chi_max_exponent_in_N": 0.002498579283278543,
      "verdict": "NO_FIXED_POINT_MEANFIELD"
    },
    "leverA_knn_k3": {
      "lever": "leverA_knn_k3",
      "external_scale": {
        "type": "knn_cap_k",
        "value": 3
      },
      "dim": 4,
      "Ns": [
        501.8,
        1047.2,
        1947.2,
        3329.8
      ],
      "z_mean": [
        4.543359148423565,
        4.772807762455019,
        4.939758469068474,
        5.082900921817876
      ],
      "z_slope_vs_logN": 0.284298671517047,
      "z_ratio_last_first": 1.1187539342078028,
      "z_fixed": true,
      "Jc_pool": 0.68,
      "Jc_drifts_down": false,
      "Jc_per_size": [
        0.9,
        0.68,
        0.68,
        0.68
      ],
      "xiL_slope_vs_logN": [
        -0.0002690822757868294,
        0.00044956639054450395,
        0.002378234508619244,
        0.0026915868049437685,
        0.003598760017808083,
        0.004889023234244376,
        0.006002922880333671,
        0.003676083033224743,
        0.003341771499642834,
        0.0034538890981137263,
        0.00563531100782426,
        0.006410792562201356
      ],
      "xiL_slope_band": 0.00563531100782426,
      "max_xiL_slope": 0.006410792562201356,
      "J_at_max_xiL_slope": 0.9,
      "U4_slope_vs_logN": [
        -0.0021035725137739636,
        -0.0013317082644293391,
        -0.0008753962418803874,
        0.005523393802279797,
        0.004508470279694385,
        0.007320050596025256,
        0.01595374551563721,
        0.006561107931223325,
        0.014767146393390402,
        -0.01668051086421051,
        0.07838401237578947,
        0.009071237616878896
      ],
      "U4_crossing_Js": [
        0.060000000000000005,
        0.5900000000000001
      ],
      "U4_crosses": true,
      "chi_max_per_size": [
        1.5672320513595095,
        2.1345433324180836,
        2.520549242997185,
        1.921308467003126
      ],
      "chi_max_exponent_in_N": 0.1370765176385786,
      "verdict": "CRITICALITY_CANDIDATE"
    },
    "leverA_knn_k6": {
      "lever": "leverA_knn_k6",
      "external_scale": {
        "type": "knn_cap_k",
        "value": 6
      },
      "dim": 4,
      "Ns": [
        501.8,
        1047.2,
        1947.2,
        3329.8
      ],
      "z_mean": [
        8.596994546224897,
        9.148630087477105,
        9.53259752017394,
        9.858363959109436
      ],
      "z_slope_vs_logN": 0.6642641427679721,
      "z_ratio_last_first": 1.1467221371494798,
      "z_fixed": true,
      "Jc_pool": 0.31,
      "Jc_drifts_down": false,
      "Jc_per_size": [
        0.36,
        0.36,
        0.26,
        0.26
      ],