{
  "params": {
    "N": 80000,
    "deg": 48,
    "rc": 0.08434326653017493,
    "rho": 19098.59317102744,
    "j": 1.0,
    "kappa_from_CR1b": 1.0659172753176507,
    "n_seeds": 5
  },
  "beta": {
    "measured": 5.21815426039605,
    "sem": 0.015109058818551258,
    "predicted_calibrated": 5.2027167159279175,
    "ratio": 1.0029672083472987
  },
  "quadratic_R2": {
    "mean": 0.9999407001547294,
    "min": 0.9999054857996432
  },
  "death": false,
  "_meta": {
    "timestamp": "2026-06-11T09:57:21.376258+00:00",
    "numpy": "2.4.4"
  }
}